-- phpMyAdmin SQL Dump
-- version 4.5.1
-- http://www.phpmyadmin.net
--
-- Host: 127.0.0.1
-- Generation Time: Jan 06, 2017 at 07:58 AM
-- Server version: 10.1.16-MariaDB
-- PHP Version: 7.0.9

SET SQL_MODE = "NO_AUTO_VALUE_ON_ZERO";
SET time_zone = "+00:00";


/*!40101 SET @OLD_CHARACTER_SET_CLIENT=@@CHARACTER_SET_CLIENT */;
/*!40101 SET @OLD_CHARACTER_SET_RESULTS=@@CHARACTER_SET_RESULTS */;
/*!40101 SET @OLD_COLLATION_CONNECTION=@@COLLATION_CONNECTION */;
/*!40101 SET NAMES utf8mb4 */;

--
-- Database: `honuicoc`
--

-- --------------------------------------------------------

--
-- Table structure for table `categories`
--

CREATE TABLE `categories` (
  `id` int(10) UNSIGNED NOT NULL,
  `name` varchar(255) COLLATE utf8_unicode_ci NOT NULL,
  `created_at` timestamp NULL DEFAULT NULL,
  `updated_at` timestamp NULL DEFAULT NULL
) ENGINE=InnoDB DEFAULT CHARSET=utf8 COLLATE=utf8_unicode_ci;

--
-- Dumping data for table `categories`
--

INSERT INTO `categories` (`id`, `name`, `created_at`, `updated_at`) VALUES
(1, 'Garnet Kessler', '2017-01-02 00:23:28', '2017-01-02 00:23:28'),
(2, 'Bernardo Prohaska', '2017-01-02 00:23:28', '2017-01-02 00:23:28'),
(3, 'Norberto Bahringer', '2017-01-02 00:23:28', '2017-01-02 00:23:28'),
(4, 'Nicholas Mayert', '2017-01-02 00:23:28', '2017-01-02 00:23:28'),
(5, 'Icie Langworth', '2017-01-02 00:23:28', '2017-01-02 00:23:28');

-- --------------------------------------------------------

--
-- Table structure for table `media`
--

CREATE TABLE `media` (
  `id` int(10) UNSIGNED NOT NULL,
  `model_id` int(10) UNSIGNED NOT NULL,
  `model_type` varchar(255) COLLATE utf8_unicode_ci NOT NULL,
  `collection_name` varchar(255) COLLATE utf8_unicode_ci NOT NULL,
  `name` varchar(255) COLLATE utf8_unicode_ci NOT NULL,
  `file_name` varchar(255) COLLATE utf8_unicode_ci NOT NULL,
  `disk` varchar(255) COLLATE utf8_unicode_ci NOT NULL,
  `size` int(10) UNSIGNED NOT NULL,
  `manipulations` text COLLATE utf8_unicode_ci NOT NULL,
  `custom_properties` text COLLATE utf8_unicode_ci NOT NULL,
  `order_column` int(10) UNSIGNED DEFAULT NULL,
  `created_at` timestamp NULL DEFAULT NULL,
  `updated_at` timestamp NULL DEFAULT NULL
) ENGINE=InnoDB DEFAULT CHARSET=utf8 COLLATE=utf8_unicode_ci;

--
-- Dumping data for table `media`
--

INSERT INTO `media` (`id`, `model_id`, `model_type`, `collection_name`, `name`, `file_name`, `disk`, `size`, `manipulations`, `custom_properties`, `order_column`, `created_at`, `updated_at`) VALUES
(1, 2, 'App\\Ticket', 'default', 'Chrysanthemum', 'Chrysanthemum.jpg', 'media', 879394, '[]', '[]', 1, '2017-01-02 01:14:14', '2017-01-02 01:14:14'),
(3, 2, 'App\\Ticket', 'default', 'Koala', 'Koala.jpg', 'media', 780831, '[]', '[]', 2, '2017-01-02 01:21:24', '2017-01-02 01:21:24'),
(4, 1, 'App\\Ticket', 'default', 'Hydrangeas', 'Hydrangeas.jpg', 'media', 595284, '[]', '[]', 3, '2017-01-02 01:22:10', '2017-01-02 01:22:10'),
(5, 4, 'App\\Ticket', 'default', 'Penguins', 'Penguins.jpg', 'media', 777835, '[]', '[]', 4, '2017-01-02 01:22:24', '2017-01-02 01:22:24');

-- --------------------------------------------------------

--
-- Table structure for table `migrations`
--

CREATE TABLE `migrations` (
  `id` int(10) UNSIGNED NOT NULL,
  `migration` varchar(255) COLLATE utf8_unicode_ci NOT NULL,
  `batch` int(11) NOT NULL
) ENGINE=InnoDB DEFAULT CHARSET=utf8 COLLATE=utf8_unicode_ci;

--
-- Dumping data for table `migrations`
--

INSERT INTO `migrations` (`id`, `migration`, `batch`) VALUES
(24, '2014_10_12_000000_create_users_table', 1),
(25, '2014_10_12_100000_create_password_resets_table', 1),
(26, '2016_12_30_073744_create_categories_table', 1),
(27, '2016_12_30_073801_create_posts_table', 1),
(28, '2016_12_30_073848_create_tickets_table', 1),
(29, '2016_12_30_081125_create_media_table', 1);

-- --------------------------------------------------------

--
-- Table structure for table `password_resets`
--

CREATE TABLE `password_resets` (
  `email` varchar(255) COLLATE utf8_unicode_ci NOT NULL,
  `token` varchar(255) COLLATE utf8_unicode_ci NOT NULL,
  `created_at` timestamp NULL DEFAULT NULL
) ENGINE=InnoDB DEFAULT CHARSET=utf8 COLLATE=utf8_unicode_ci;

-- --------------------------------------------------------

--
-- Table structure for table `posts`
--

CREATE TABLE `posts` (
  `id` int(10) UNSIGNED NOT NULL,
  `title` varchar(255) COLLATE utf8_unicode_ci NOT NULL,
  `summary` text COLLATE utf8_unicode_ci NOT NULL,
  `description` longtext COLLATE utf8_unicode_ci NOT NULL,
  `status` tinyint(4) NOT NULL DEFAULT '0',
  `category_id` int(10) UNSIGNED NOT NULL,
  `created_at` timestamp NULL DEFAULT NULL,
  `updated_at` timestamp NULL DEFAULT NULL
) ENGINE=InnoDB DEFAULT CHARSET=utf8 COLLATE=utf8_unicode_ci;

--
-- Dumping data for table `posts`
--

INSERT INTO `posts` (`id`, `title`, `summary`, `description`, `status`, `category_id`, `created_at`, `updated_at`) VALUES
(1, 'Ms. Lempi Harber', 'Ex quis ut a sed atque et unde. Sint numquam velit dolorum nesciunt rerum ea quae rem. Et optio accusantium ducimus quas non possimus.', 'Et sit qui quaerat. Quae ea vero est rem quos laboriosam dolore. Ut aut repellat quos rerum sed vitae illum.Consectetur provident dolor ut. Officia voluptatem totam magni. Sunt quasi veritatis dolorum molestiae aut non est.\nSuscipit libero vel harum. Voluptatum mollitia nam dolor voluptates.Enim optio facere maiores et a. Debitis sint expedita ut aut ut cum. Amet architecto est saepe temporibus suscipit. Culpa vel et ut fugiat. Dolores qui est id dolorem accusantium et.', 0, 1, '2017-01-02 00:23:28', '2017-01-02 00:23:28'),
(2, 'Prof. Trenton Harris Jr.', 'Quod impedit architecto quam. Repudiandae distinctio voluptatem odio. Aliquam illo odio id saepe quasi. Numquam earum fuga molestias dolor vero ipsa.', 'Neque harum incidunt sunt molestiae. Facere delectus cupiditate quis sunt enim molestiae nulla. Qui in rerum iste qui nulla nihil. Quod iure molestias molestiae aut accusantium.Esse dolores nobis inventore ut corporis. Omnis animi placeat sint omnis provident. Non qui pariatur officia molestiae. Pariatur fugiat architecto quasi sapiente quis dolorum.Impedit deserunt libero odit ea iusto. Quibusdam est natus perferendis nemo omnis sit sint ullam.', 0, 4, '2017-01-02 00:23:28', '2017-01-02 00:23:28'),
(3, 'Beaulah Huel Sr.', 'Quas et quo accusamus. Voluptatem repellat quis eaque ab vel. Odit maxime mollitia eveniet ea.', 'Aperiam repellat non ut inventore. Officiis sint vitae laudantium harum. Magnam consequatur voluptatum molestiae.Voluptatibus atque dignissimos et repellat aspernatur repudiandae qui. Magnam laborum aut harum ratione. Quaerat omnis autem voluptatem voluptas repellendus.Ducimus unde molestiae quisquam et qui. Earum ad atque aspernatur est itaque esse. Atque eum velit est recusandae. Et tempore ad quia veniam.', 0, 1, '2017-01-02 00:23:28', '2017-01-02 00:23:28'),
(4, 'Brayan Schinner', 'Ullam aliquid voluptatem veniam incidunt quod. Ipsa id repellat harum eos natus. Sed ducimus deleniti est.', 'Autem magnam officia est eos in aut. Ut enim aut omnis. Perferendis aut saepe veritatis.Voluptas hic mollitia consequatur. Quas id mollitia qui impedit animi dignissimos. Cupiditate ex vel corrupti unde. Earum laborum quis occaecati praesentium eos odit quisquam.Qui perferendis corrupti quibusdam cupiditate magnam ut. Quas voluptas non beatae libero ipsum quia nisi maiores.', 0, 2, '2017-01-02 00:23:28', '2017-01-02 00:23:28'),
(5, 'Jonathon Boyer', 'Iste amet sapiente expedita dolor. Similique et ea minus veritatis. Illum molestias quos facere ab sunt libero.', 'Eius veritatis optio autem nisi et laboriosam. Cum et blanditiis quae deserunt enim. Quis commodi sit aspernatur voluptas. Nobis explicabo pariatur officiis non deserunt occaecati in.Ut ut rerum animi debitis. At soluta sed in est et. Accusantium et quod nesciunt excepturi et dolor est animi. Omnis quis dolor provident fuga.Odio porro perferendis expedita aspernatur ab magni aperiam quia. Facilis qui quas aut accusantium autem fugiat facilis. Deleniti adipisci non ex exercitationem atque deleniti temporibus.', 0, 5, '2017-01-02 00:23:28', '2017-01-02 00:23:28'),
(6, 'Jared Pfannerstill', 'Animi alias magnam ex et quia est veniam. Sed quam est est et dolorum quisquam. Autem cumque illo ipsam et sapiente libero.', 'Doloribus et doloremque corporis. Quia nisi voluptatum sit nihil. Sit dolorem quia sit. Explicabo et sed consequuntur.Id cumque eius deserunt fuga asperiores. Quia ratione explicabo voluptas labore quis nesciunt voluptatem. In est nostrum ab. Quia non soluta est consequatur non fugit quia.Doloribus ea hic officia eum animi. Qui possimus alias dolor iusto saepe delectus doloremque. Facilis est numquam soluta doloribus.', 0, 4, '2017-01-02 00:23:28', '2017-01-02 00:23:28'),
(7, 'Mrs. Julianne Murphy DVM', 'Officiis quae et et nihil qui nisi quis. Labore nihil hic voluptate. Quis ut eius magni necessitatibus. Quia quo amet nulla molestias sunt.', 'Qui neque voluptate nihil nostrum voluptas voluptas ut. Consequuntur cumque ratione ut unde culpa. Quo non molestias reiciendis qui ut aliquam nisi. Modi accusamus esse vel et qui.Ullam ullam dolorem error. Ut ut sed voluptate dignissimos impedit consequatur et. Aut voluptatem qui debitis rerum quia qui.Nostrum laboriosam dolor perspiciatis magnam aut. Molestiae molestiae suscipit molestias omnis alias deserunt ut.', 0, 1, '2017-01-02 00:23:28', '2017-01-02 00:23:28'),
(8, 'Leanne Stoltenberg', 'Sed neque dolorem veniam dolor eius id. Architecto maiores odio dicta aliquam. Vel ut sunt molestias esse ipsam. Id cupiditate vel ut autem.', 'Ut placeat nihil velit voluptas id. Provident quis velit vel harum quod voluptatem consequatur. Et qui consequatur libero quis. Architecto quis aut officia pariatur.Repudiandae aliquam totam et deserunt cupiditate est. Illo facere optio repudiandae illum adipisci deleniti. In qui odio vel voluptatibus dolores distinctio dolores cumque.Aut reprehenderit hic sit inventore corrupti. Excepturi fugit voluptates expedita vel dicta expedita et. Quo deserunt possimus eius nesciunt.', 0, 4, '2017-01-02 00:23:28', '2017-01-02 00:23:28'),
(9, 'Jenifer Conn', 'Rerum maxime illum neque illo tempore. Eius tenetur reprehenderit iste repellat. Iure itaque voluptatem dolor et eligendi dolor. Nihil qui veritatis a porro.', 'Nihil voluptate impedit et placeat. Libero dignissimos dolorum et. Id ut odit perferendis ut dolor sunt iure.Et molestiae magnam ipsum id. Voluptate temporibus eveniet hic voluptatem enim.\nQuasi eos fuga cum quisquam. Et sapiente et ex facilis nobis. Accusantium ut reiciendis excepturi corrupti maxime.Ea voluptas nobis qui molestias minima beatae corporis. Sit corrupti molestiae voluptates asperiores nihil. Pariatur dolores dolor facere cum illo tenetur.', 0, 2, '2017-01-02 00:23:28', '2017-01-02 00:23:28'),
(10, 'Nakia Spinka MD', 'Deleniti ducimus molestiae omnis placeat ipsam animi eius. Id modi ut aut vel maxime laudantium et. Voluptatem molestias omnis voluptates quidem commodi. Aspernatur explicabo voluptatem qui voluptas.', 'Amet nobis et eum rerum voluptatem. Tempore sed tempora eos inventore.\nConsequatur qui quam mollitia. Debitis quo fugiat nisi ipsa dolor aut. In id facere odio.Autem quaerat est voluptate nobis vero dolor. Quis aut reiciendis ut doloremque voluptatem. Cum neque sint numquam ut ab et earum aut. Quas est temporibus adipisci facere.Quam perspiciatis itaque quibusdam ullam deleniti velit. Vitae blanditiis eius unde in velit vel error. Ipsum nostrum quia quis cupiditate totam. Aperiam ea omnis labore facilis incidunt sit.', 0, 4, '2017-01-02 00:23:28', '2017-01-02 00:23:28'),
(11, 'Tianna Robel', 'Delectus ex consectetur maiores quia eum. Optio omnis rerum accusamus laudantium hic sint autem. Dolorem dicta deleniti cumque voluptates ut voluptate sapiente. Autem quae excepturi aut labore aut.', 'Voluptas fugit quo expedita. Omnis at molestiae ea expedita deleniti velit magnam. Voluptatem nam sed dicta sit dicta repellendus vitae. Culpa inventore quis veniam.Est corporis doloribus et fugit nisi. Non voluptatem est perspiciatis atque magnam. Ut eum sit non laborum voluptatem.Et ipsum sint eos ea et molestias voluptatibus. Qui harum totam sit est est. Aut eos molestiae numquam facere ut molestias est.', 0, 4, '2017-01-02 00:23:28', '2017-01-02 00:23:28'),
(12, 'Brenden Sauer I', 'Temporibus deleniti earum odit hic expedita quidem. Libero nobis doloremque quia aut. Qui asperiores fuga reprehenderit temporibus eius suscipit. Corrupti impedit veniam voluptas.', 'Esse quis rerum labore. Rerum sunt hic atque provident qui. Vero alias est aspernatur odio ipsam voluptas et. Aut veniam illum ad enim.Voluptatem voluptatem voluptatum eveniet omnis voluptatem. Est maiores ea non voluptatem ipsa sit. Tempora facere accusantium neque dolore voluptas velit culpa.Fugit et dolores molestiae ratione. Dignissimos exercitationem qui rerum. Error unde libero aspernatur libero error et. Saepe enim tempora et fugit eveniet reprehenderit dolorum commodi.', 0, 4, '2017-01-02 00:23:28', '2017-01-02 00:23:28'),
(13, 'Taya Leffler', 'Ab beatae distinctio id quia qui consequatur dolores. Tempore voluptates est recusandae deserunt minima non. Aliquid velit tempora sint odit. Ratione veritatis tempore sequi explicabo.', 'Enim minima magnam possimus consequatur aut similique nam. Maiores animi facere omnis laborum provident consectetur. Et tenetur ut ipsa ea iste in unde.Nihil molestias aut dolorem at illo. At et qui aut nostrum possimus ipsam. Deleniti occaecati maxime est nemo beatae iusto.Dignissimos molestiae odit amet ea inventore. Libero aut nulla beatae corporis dolor libero repellat. Eveniet illo sequi aliquam doloribus. Iste aut hic aut voluptas.', 0, 2, '2017-01-02 00:23:28', '2017-01-02 00:23:28'),
(14, 'Eudora Stokes', 'Consequatur quo dicta consequatur quisquam. Cumque possimus sed quas officiis aspernatur vel. Velit voluptatum quia quo.', 'Incidunt et quis aut praesentium officiis rerum. Pariatur et aspernatur vel dolorum. Nisi facere exercitationem accusantium dolorum at.Atque iste tenetur exercitationem officiis eligendi corrupti. Et placeat omnis illum.In voluptas voluptatum illum cumque. Aspernatur porro consequuntur commodi eum facilis.\nEligendi cum cumque qui. Neque sint id aut magnam voluptatem a. Amet nulla ratione placeat.', 0, 5, '2017-01-02 00:23:28', '2017-01-02 00:23:28'),
(15, 'Axel Prosacco', 'Nesciunt at qui beatae et consequatur recusandae. Id est sint rerum quia similique. Temporibus et aut sed incidunt pariatur dolor.', 'Quia hic sapiente cum magni ad tempore. Dolorem sed quibusdam debitis consectetur tempore et et sed. Ea dolorem numquam qui placeat culpa sequi.Aliquam non earum et et. Qui pariatur et consequatur voluptatum sequi quos est. Nulla et consequuntur ipsum id consequatur.Saepe nulla commodi non odio ipsam iure quis. Corrupti adipisci iste placeat at. Voluptatum eum earum eaque nulla enim minus aut.', 0, 3, '2017-01-02 00:23:28', '2017-01-02 00:23:28'),
(16, 'Mariano Harvey III', 'Aut qui quia id. Suscipit reiciendis qui nulla ducimus ea facilis.', 'Magni repellat et enim repudiandae labore. Nemo quis quis sit qui voluptatem ea. Similique et animi impedit. Sapiente suscipit neque debitis aut non sed.Magnam itaque facere eum veniam nesciunt. Velit voluptatem quae ut est quam doloremque qui. Aut nisi autem ut est voluptatem et.Eveniet aut possimus numquam ullam. Consequatur id officiis quia illo velit eligendi. Repellendus quos et magni delectus sit tempore. Excepturi dolorum fugit vel magnam ipsa ducimus.', 0, 2, '2017-01-02 00:23:28', '2017-01-02 00:23:28'),
(17, 'Mr. Haskell Johnston V', 'Cumque rerum omnis animi ipsum sed et repudiandae error. Velit facere qui delectus. Nostrum aliquam officia aliquid vitae.', 'Expedita id debitis assumenda corporis. Ad accusamus enim et ut velit voluptatem. Officiis sed facere labore est vitae suscipit. Et sit occaecati in quo.Nulla qui nobis repudiandae rerum. Provident et neque placeat eos qui reiciendis. Fuga ad eum fugit laudantium atque.Vel quas sit repellat deleniti praesentium. Iste alias molestiae sit molestiae voluptas ipsa aperiam. Eos dignissimos totam vel. Asperiores quia ab repellat vel perferendis est dolor consequatur.', 0, 1, '2017-01-02 00:23:28', '2017-01-02 00:23:28'),
(18, 'Miss Augusta Koss I', 'Numquam ut non non veritatis ut eos qui. Soluta velit adipisci unde nostrum nulla facilis neque. Repudiandae ab qui dolorum minima consequatur omnis.', 'Voluptatem error ipsam incidunt et porro consequuntur. Autem et sunt unde qui. Quaerat ea recusandae est voluptates non consequuntur. Ut eum et assumenda.Odio laborum suscipit quos totam tempore delectus. Sit molestias deserunt voluptatum officia sit. Omnis cum eligendi voluptatum modi temporibus.Quo ut voluptas blanditiis aut et debitis. Est consectetur rerum voluptates harum reiciendis sed. Id ut cupiditate ut voluptatum possimus animi.', 0, 3, '2017-01-02 00:23:28', '2017-01-02 00:23:28'),
(19, 'Zackery Abbott', 'Nostrum sit sit rerum consequatur voluptates. Voluptatem est quas ut possimus expedita enim numquam placeat. Sapiente autem rerum cum.', 'Error consectetur et pariatur modi illo. Consequuntur quisquam quo dolorem eius esse.Et eum iure exercitationem molestias deserunt. Eos non id incidunt occaecati. Illum quam commodi rem repellendus voluptas.Quia beatae rerum veniam fugit. Tempore autem et et iure unde et. Unde dignissimos et cum libero est voluptas. Fuga ut autem enim inventore. Quo quod et impedit dolores voluptates.', 0, 3, '2017-01-02 00:23:28', '2017-01-02 00:23:28'),
(20, 'Prof. Marty Prohaska Jr.', 'Quasi corporis occaecati non. Non recusandae voluptatem rem quia possimus. Non rerum doloribus non facere minus molestiae praesentium.', 'Quia quia qui aut deleniti corporis ducimus explicabo quo. Voluptas sint facere sed facilis aperiam eum et natus. Perferendis explicabo nihil delectus adipisci sit autem ut. Atque ut eum quia.Consequuntur veniam necessitatibus eum id. Dolorem aspernatur officia pariatur dignissimos sint ut. Laborum dolorem et velit aspernatur totam nam.Rerum nobis doloremque voluptatem sint nemo sint. Laborum explicabo eos voluptate aliquam. Nihil nihil eveniet minus ratione voluptas quod.', 0, 1, '2017-01-02 00:23:28', '2017-01-02 00:23:28'),
(21, 'Miss Marielle Terry', 'Optio corporis et reprehenderit quisquam quos id blanditiis. Deleniti facere impedit enim velit vitae esse sunt. Magnam debitis laboriosam culpa soluta voluptas modi minima.', 'Vitae minus ab reiciendis. Placeat sit aut et consequatur.\nPerspiciatis sit sed non. Ratione aut perspiciatis commodi mollitia nulla. Ea facilis culpa dolor facere et nesciunt vel.Eum adipisci id perferendis eum et quia. A iste enim aut quis et inventore. Magnam temporibus omnis ut doloremque et. Voluptas sed rerum fugit fugiat.Nulla error id harum in. Soluta sint veniam voluptas est molestiae. Atque rerum quia et rem deleniti veniam repellat cumque.', 0, 3, '2017-01-02 00:23:28', '2017-01-02 00:23:28'),
(22, 'Derrick Jenkins', 'Perferendis corrupti ut ut exercitationem. Laudantium magni molestiae dolor mollitia possimus sunt et. Neque earum dolorum temporibus eum enim quisquam ut. Cumque eius eos blanditiis vel.', 'Perferendis eligendi id vel deserunt aliquid. Accusantium eveniet accusantium modi deleniti. Aliquam repellat dolor voluptas est ut omnis sint et. Tenetur reprehenderit nostrum quia aspernatur.Ut id labore consequuntur. Iste eius cupiditate similique minus dolorem nihil. Id autem non assumenda. Ipsum voluptatum est quis ut.Incidunt nostrum corporis molestiae. Nostrum qui unde atque. Alias nisi mollitia eaque explicabo alias qui voluptas. Et tenetur molestiae aspernatur numquam occaecati culpa laborum.', 0, 4, '2017-01-02 00:23:28', '2017-01-02 00:23:28'),
(23, 'Dr. Alessia Wisoky Sr.', 'Excepturi eius sint quos facere. Ipsa architecto in molestiae ullam. Enim sunt et eos assumenda sunt dolores non. Vero eum sit necessitatibus soluta aliquid dolor asperiores eum.', 'Dolorum tempora saepe quia. Distinctio et incidunt et rerum eum. Consequatur hic non ut dolores officiis expedita nobis. Harum officiis dignissimos quisquam omnis quaerat.Itaque quae quasi esse alias. Quo iste velit velit non libero minus repellendus. Dolorem minus et at molestias hic unde. Doloremque minima cumque optio omnis magni.Quasi sit eligendi sunt expedita officia eos est. Commodi modi et sapiente vitae. Mollitia laboriosam tempora aut voluptas. Quasi in esse optio nesciunt nostrum molestiae voluptas laudantium.', 0, 2, '2017-01-02 00:23:28', '2017-01-02 00:23:28'),
(24, 'Mr. Branson Lowe', 'Ut temporibus veniam incidunt atque. Ut delectus officia dolor non harum minus est. Vitae officiis eius autem enim perferendis ipsum. Adipisci totam rerum mollitia repudiandae.', 'Repellendus ab aut laudantium provident. Consequuntur tempora et vitae vitae repellat aliquid ut. Deserunt reprehenderit nesciunt et ipsum rem qui.Reprehenderit in sit aliquam. Non qui odio eaque iste fuga assumenda expedita. Iure adipisci soluta accusantium eligendi illo tempora.Fuga eos rerum voluptatem numquam. Minima placeat necessitatibus harum labore. Ut quia suscipit sit non enim aut ullam ut.', 0, 1, '2017-01-02 00:23:28', '2017-01-02 00:23:28'),
(25, 'Prof. Damien Ullrich', 'Numquam sit aliquam sint illum sunt. Veniam officiis exercitationem officiis maiores perferendis numquam. Delectus illo est iure ea labore.', 'Ea odit ut ut aut nobis. Commodi reprehenderit est commodi quae fugit. Sunt assumenda exercitationem quo architecto iusto non. Quod ad tempora placeat esse.Eius quod quia officiis dicta excepturi quia qui. Perferendis sint fugiat incidunt neque voluptatum ullam ea. Deserunt sed accusantium doloremque. Dicta est omnis eligendi velit enim.Porro quos minus cumque veritatis quis. Molestiae quia non voluptatem sit et.', 0, 2, '2017-01-02 00:23:28', '2017-01-02 00:23:28'),
(26, 'Jaron Gutkowski', 'Quaerat voluptas laboriosam quaerat optio sequi nam. Quia iure dolore assumenda dicta voluptatem.', 'Quia alias amet architecto a error assumenda. Similique magni voluptas magnam et quae. Sit asperiores illo corrupti possimus voluptatem. Quas sit repellendus deserunt tempora hic non delectus.Minima pariatur vel dicta accusamus. Sequi vitae totam recusandae quis provident rerum. Ea eum rerum quam incidunt sed. Qui similique nihil dolores nam qui tenetur.Doloribus impedit autem libero. Dolores est quis iste quo. Doloribus eligendi qui aut dolorum perferendis voluptatem numquam architecto. Ut facere ipsam quia a quam ea.', 0, 2, '2017-01-02 00:23:28', '2017-01-02 00:23:28'),
(27, 'Dr. Montana Pfeffer MD', 'Magni quaerat delectus odio rerum non. Adipisci aut eum sed voluptatum esse voluptatem. Ullam distinctio voluptate unde ut autem aut aut.', 'Libero quis velit sed et veniam sit expedita. Placeat dicta consequatur qui quis hic et. Labore at et placeat corporis consequatur consequatur hic sit.Sed eum repellat rerum esse provident porro. Laborum maxime mollitia rerum est deleniti eum. Ducimus provident architecto consectetur aut non. Aut molestiae maiores quis quam.Ut vero necessitatibus laborum omnis recusandae aliquid perferendis repellendus. Qui quia asperiores assumenda.', 0, 3, '2017-01-02 00:23:28', '2017-01-02 00:23:28'),
(28, 'Margarita McKenzie V', 'Sapiente cupiditate molestias eum quis accusamus. Aut eligendi illo sapiente eum nulla magnam. Hic commodi asperiores repellat temporibus ea quo. Facilis culpa molestias vitae ad cum debitis.', 'Pariatur aut et mollitia nulla ea. Sed ut voluptatem rerum. Nihil nisi necessitatibus est illum voluptas. Assumenda voluptas illo fugit illum.Consequatur sed natus rem odio corporis blanditiis unde in. Voluptas pariatur dolores corrupti magnam quam aliquid. Qui debitis dolores et rerum enim. Eos vel dolor ab necessitatibus consequatur.Sed sed alias enim illum qui qui. Tempore adipisci ex est quasi similique et soluta. Ut vel ipsam molestiae nihil asperiores impedit in. Repellat ipsam officiis iste qui.', 0, 2, '2017-01-02 00:23:28', '2017-01-02 00:23:28'),
(29, 'Mrs. Sierra Zemlak DVM', 'At eos reprehenderit quidem dolores. Adipisci repellat quae nihil soluta. Omnis aut dicta eum. Hic impedit provident sunt rerum occaecati rem.', 'Rem animi voluptatem ex quis est neque laboriosam. Qui in minus ea minima vitae doloribus nam. Totam facilis nobis eveniet quis. Veritatis aspernatur doloribus rerum aut.Aut vitae quidem delectus voluptatem. Qui autem neque est dignissimos aspernatur perferendis ipsum.Aspernatur quam repellat tempora ratione et quidem. Repudiandae repellat sunt error enim. Eius commodi magnam enim cum rerum id. Dolores velit dignissimos voluptas facilis est.', 0, 4, '2017-01-02 00:23:28', '2017-01-02 00:23:28'),
(30, 'Pearlie Rowe', 'Et quisquam quia reiciendis iste inventore. Harum et sit officiis corporis qui sint. Aliquam quam veniam aliquid perspiciatis.', 'Ea quo eum odit qui odit eos mollitia voluptatum. Quisquam veritatis minus quia a ab maiores est. Ex dignissimos consequatur dolorem illo aliquid similique.Ut eum beatae ut est minus omnis quis sit. Aliquam consequatur accusantium corporis qui.Libero voluptates et voluptatem officia. Excepturi vel voluptas consequatur dolor facilis provident. Maiores explicabo nulla non qui nihil. Ab tempore voluptate laudantium id optio eum consectetur.', 0, 4, '2017-01-02 00:23:28', '2017-01-02 00:23:28'),
(31, 'Ebba Daniel', 'Et earum nisi velit dolor. Aut expedita dolore explicabo laboriosam.', 'Sint ut perspiciatis sed sunt. Quam repellendus blanditiis sit. Animi et et et quis.\nVeniam libero veritatis esse rerum quia praesentium. Nihil eum vel laborum ut voluptatibus velit.Unde voluptatem ut et nostrum inventore impedit aut vel. Id nobis earum beatae deleniti. Quae quibusdam atque nobis ipsam voluptas eos hic ea. Dolores veritatis magni laborum blanditiis.Autem facilis itaque est similique quo est. Tempore et eaque ut modi quidem voluptatem architecto. Voluptatum vitae deserunt esse ab aut dolores expedita id.', 0, 5, '2017-01-02 00:23:28', '2017-01-02 00:23:28'),
(32, 'Austin Bashirian', 'Illum pariatur mollitia quia debitis aut maxime aut. Pariatur mollitia et quia. Maiores vel aut consequatur quaerat vel minus.', 'Consequatur molestias commodi quia error consequatur et sunt. Quis optio in ab quia id sit sed laudantium. Mollitia rem qui possimus a neque ratione eveniet. Non eum neque labore soluta voluptatem.Et enim nihil asperiores et. Maiores beatae sed molestiae molestiae adipisci. Commodi accusamus tempore enim ipsum. Sed beatae deleniti sequi dolore et facere.Non et cum aliquid. Ut quia ut expedita est est. Accusamus est totam adipisci deserunt.\nAlias ducimus inventore et. Veritatis ullam nesciunt ipsum hic.', 0, 2, '2017-01-02 00:23:28', '2017-01-02 00:23:28'),
(33, 'Dr. Ford Tromp Jr.', 'Iure sed nam explicabo facere facere. Laboriosam praesentium sit sint enim et veritatis quia. Rem placeat itaque praesentium asperiores cupiditate. Beatae rem odit dolorem.', 'Corporis nihil odit odit dolorum. Dignissimos consequuntur iusto id dignissimos fugiat cum. Quos aliquam et fugiat magni. Assumenda ab sint ex ipsam earum sint. Eius ut a nisi amet provident.Nihil ut corrupti eligendi nihil iure libero. Quia ea consequatur quasi modi. Qui aut similique ipsum autem animi ut. Blanditiis voluptatem eaque iure sint.Dolores sapiente et amet tempora. Eligendi consequatur dolores ea vel. Nihil aut eum esse ducimus.', 0, 5, '2017-01-02 00:23:28', '2017-01-02 00:23:28'),
(34, 'Mrs. Onie Kuhic', 'Enim est ea voluptas et. Enim facilis autem qui ex mollitia ea distinctio.', 'Earum officia qui est. Numquam et minima rerum facere quasi accusamus reiciendis voluptates. Vitae incidunt dolores labore tenetur sit quae deserunt ut.Fugit eligendi dolorem quod. Velit corrupti a esse voluptas. Autem ut ullam maiores sit autem minima aut.Pariatur voluptatibus velit repellat voluptas. Sed quia enim quas deleniti sunt quae. Sed dicta est aspernatur consequuntur tempore repellendus explicabo.', 0, 4, '2017-01-02 00:23:28', '2017-01-02 00:23:28'),
(35, 'Kayleigh Daugherty', 'Omnis ut officiis voluptate consequatur. Delectus ea nihil et et vero necessitatibus. Nihil omnis placeat unde quo. Ipsa esse distinctio qui.', 'Labore similique ut corporis dolores sit dolorem. Sed eos ab necessitatibus molestiae vel qui ullam. Similique placeat tenetur eveniet voluptas sed est. Quis qui numquam ullam fugiat modi.Nihil explicabo autem eveniet unde corporis quae. Quia molestiae quia delectus iusto quia.Voluptatem eius voluptas illo quia. Est et repellendus aperiam corporis. Eius iure temporibus ab iure. Dolorem officiis earum laborum.', 0, 3, '2017-01-02 00:23:28', '2017-01-02 00:23:28'),
(36, 'Zion Lueilwitz', 'Reiciendis molestias qui et. Sed ipsam dolorem officia numquam.', 'Odio qui similique illum reprehenderit sed. Voluptatem quis odio dolorum sed rerum aut sequi id. Maiores ipsa quod animi odit nemo dicta dolores.Omnis cum voluptas et aliquam nihil. Amet nemo aut laboriosam dolor. Hic autem illo nesciunt non accusamus.Non veritatis accusamus occaecati assumenda id. Ut quia provident distinctio veniam molestiae perspiciatis. Officia vitae molestiae et fugit.', 0, 5, '2017-01-02 00:23:28', '2017-01-02 00:23:28'),
(37, 'Jovani Feest', 'Est eaque fugit mollitia labore molestiae non. Neque incidunt asperiores iusto quae at. Et odit unde qui facere sequi sint reiciendis. Voluptates non commodi cumque magnam sed fugit.', 'Velit officiis vel nostrum aut ea. Et tempore in nemo placeat molestiae mollitia.Minus dolorum a placeat laudantium fuga quibusdam omnis. Vel et eligendi totam voluptatum. Dolorem est quia neque quia. Nihil iure accusamus omnis. Impedit nobis assumenda dolorum.Sequi hic vitae error quia enim eos ducimus. Quo sit et qui quibusdam. Animi minima eos reprehenderit architecto accusamus.', 0, 2, '2017-01-02 00:23:28', '2017-01-02 00:23:28'),
(38, 'Mr. Hipolito Rohan', 'Error perferendis totam omnis autem ad et quas. Et sapiente dolorem distinctio et omnis sit. In eius consequatur praesentium non non porro.', 'Autem vel nisi perferendis consequatur autem blanditiis. Enim ipsa vitae sequi expedita officiis maiores ex. Laboriosam mollitia nihil occaecati vero dicta error.Deleniti odio tenetur eos nihil blanditiis corrupti. Quos ut non eos ea quas officiis eveniet aperiam. Vel quia vero tempora consequatur cum asperiores.Commodi consequuntur consectetur possimus accusamus voluptatem laudantium saepe. Veritatis quis amet sunt vero dolorem dicta voluptas. Voluptas omnis odit rerum eius dicta voluptatum.', 0, 4, '2017-01-02 00:23:28', '2017-01-02 00:23:28'),
(39, 'Christelle McLaughlin', 'Odit beatae quasi perferendis in voluptatum sequi non. Omnis doloribus eius est ut distinctio facilis. Ut consequatur debitis mollitia quos quasi.', 'Deserunt est autem sed. Quos molestiae officiis quia mollitia. Cum aut est ut. Natus temporibus molestiae nemo cupiditate odio aut.Odit iusto qui debitis et quis. Omnis eaque sint consequatur omnis enim iste tempore. Tempora fugiat et asperiores aut et dolor et.Nam et eum sit sed est in tempora. Dolores eum sit molestias enim libero sunt. Quae sit aut laudantium aliquam veniam voluptatem.', 0, 3, '2017-01-02 00:23:28', '2017-01-02 00:23:28'),
(40, 'Pietro Gleason', 'Corrupti voluptatibus nesciunt quisquam et ratione. Ipsum modi et ipsa est corrupti sunt aperiam. Debitis numquam dolorem doloremque et modi mollitia facilis. Consequatur consequuntur rem vel enim.', 'Ipsum voluptate harum ut aut ut voluptate earum. Praesentium nesciunt et ipsum dicta eveniet ab quasi ab. Aut placeat quod dolorem cumque voluptas pariatur.Ut animi voluptatem atque error autem. Assumenda eaque voluptatibus sapiente repellendus deserunt et. Autem expedita dolore eveniet dolor temporibus consequatur ut.Quos magni voluptatum id accusamus. Qui dicta et maxime ullam quia omnis sapiente. Molestiae fugit ab corrupti libero iusto sed aut. Non aut dolor qui sed eveniet.', 0, 2, '2017-01-02 00:23:28', '2017-01-02 00:23:28'),
(41, 'Mrs. Maxie Green Sr.', 'Distinctio maxime fuga magnam et. Eos velit recusandae totam et. Ducimus autem velit ipsa autem minima impedit exercitationem. Ad corporis et ipsam repellendus reprehenderit.', 'Saepe veniam tenetur doloremque. Quia cupiditate ducimus dolorum in dolorum fugiat error et.Voluptatem nulla harum est consectetur debitis. Amet beatae qui quisquam quia facilis natus rerum. Dolore corporis qui exercitationem voluptatem minus odio eius.Dolores eveniet quasi doloribus reprehenderit eos et aliquid. Qui dolor quam consequuntur repellat. Consequatur minus voluptatem ullam minus laudantium laboriosam.', 0, 1, '2017-01-02 00:23:28', '2017-01-02 00:23:28'),
(42, 'Keshawn Rogahn', 'Sed harum facere ex rerum. Debitis soluta sunt aperiam. Voluptates hic accusantium a quasi a. Quia nesciunt quas esse iure deleniti.', 'Iste suscipit quia sit odio doloremque sapiente. Est repellendus velit nam sit eum esse alias. Omnis qui quia dolor necessitatibus molestiae suscipit.Et ab ullam ipsa nesciunt accusantium aut. Animi vel magni blanditiis consequatur ut. Aut sit enim debitis.Aperiam molestiae voluptatem omnis perspiciatis dolore. Dicta consequatur est dolorum unde natus qui. Tenetur ut omnis et quia.', 0, 3, '2017-01-02 00:23:28', '2017-01-02 00:23:28'),
(43, 'Aric Littel', 'Ad molestiae iusto a ex sint magnam. Sint quasi excepturi incidunt consequatur mollitia et. Ducimus fugit aliquam distinctio tempora. Sit magnam minus et.', 'Et vitae fugit aperiam voluptas nostrum hic quia. Cupiditate velit quis id ratione ut et quo qui. Quia omnis at iste et excepturi neque dolor aut.Fuga neque facere ut id consequatur dolorem. Non aut qui aut. Sint consectetur quas sunt accusantium.Accusantium odio laborum dignissimos unde qui sequi. Fugit ipsam ipsa facilis et. Deserunt quasi porro ut nesciunt.', 0, 5, '2017-01-02 00:23:28', '2017-01-02 00:23:28'),
(44, 'Lenny Ortiz', 'Beatae minima est sapiente repudiandae. Odio minima omnis voluptas consequatur at. Repudiandae tenetur non ipsam.', 'Delectus explicabo sint magni illum. Suscipit labore optio temporibus itaque. Omnis suscipit eveniet quod animi sit. Ut saepe similique minus reprehenderit.Quos totam repellat dolorum dolor. Aut aspernatur non ipsa temporibus illum debitis nobis rem. Est aliquid eius modi quam ratione repellendus. Fugit magni eaque rerum nisi praesentium ab placeat.Maiores quo ea eaque iusto dicta. Voluptatum est amet iste ducimus voluptates natus. Enim odit ab iste numquam quos pariatur recusandae hic. At et excepturi et tempore quaerat voluptatem.', 0, 5, '2017-01-02 00:23:28', '2017-01-02 00:23:28'),
(45, 'Gennaro Wolff', 'Vel optio molestias sapiente provident quam eius quae. Dolores doloremque modi dolores molestiae. Aut quasi atque ut deserunt ullam officia.', 'Quibusdam iusto non officia expedita dolor et. Doloremque qui quo est ad sed saepe. Voluptatibus asperiores nesciunt id incidunt. Ea rem et voluptatem.Quod voluptas odio omnis dolor impedit maiores. Voluptatem maxime fugiat doloremque omnis. Autem eum ea reprehenderit porro sunt. Qui dolorum at laudantium harum facilis sunt enim.Aliquam impedit delectus illo et. Vel expedita quidem molestiae voluptatem. Saepe eum explicabo nemo corporis.', 0, 3, '2017-01-02 00:23:28', '2017-01-02 00:23:28'),
(46, 'Ms. Geraldine Harvey II', 'Occaecati aut qui est. Quaerat quia temporibus et iure qui aut maiores. Eos fuga sunt quisquam est sint.', 'Enim aut mollitia nemo vel. Expedita laudantium error vel perspiciatis. Harum reprehenderit exercitationem labore deserunt dolorem.Ab facere libero nemo sint fugiat veritatis non. Dolor et odio aperiam sint alias animi. Doloremque aperiam officiis ut voluptates et enim. Voluptas aut quae nulla non voluptatem.Recusandae sunt aut inventore commodi. Molestiae eveniet dolor amet voluptatibus odio nihil. Suscipit voluptatibus quisquam cum maxime. Dicta eos dicta facere et.', 0, 2, '2017-01-02 00:23:28', '2017-01-02 00:23:28'),
(47, 'Morgan Weber', 'Voluptates non voluptatem eius minima. Suscipit voluptatem autem est modi aut pariatur. Iste maiores dolores distinctio qui. Rerum ratione quisquam sunt est fuga.', 'Quas sapiente voluptas in voluptate itaque dolorem ut. Dolorem tempore asperiores ut cumque aut accusamus inventore. Numquam est quia dolorum totam.Qui qui ut non ut alias est non omnis. Consectetur cum odit dolore. Omnis est quos facere suscipit ut accusamus. Labore eveniet nisi suscipit id omnis eligendi error.Aspernatur ut expedita quas esse. Assumenda quia enim qui quia ex cumque. Aut eos vel voluptatem enim sapiente nam.', 0, 3, '2017-01-02 00:23:28', '2017-01-02 00:23:28'),
(48, 'Prof. Ryann Schmeler Sr.', 'Qui et qui dolorum. Rem est doloribus provident necessitatibus modi. Debitis dolor esse adipisci culpa dolore dicta sit. Et ea ipsum reiciendis minima iste assumenda ut.', 'In est illo sunt tempora. Occaecati nemo id beatae perferendis eos quia. Deleniti fuga dolore rerum.Qui suscipit et necessitatibus aperiam odio eos at. Dicta ex magnam ea et. Consequatur et facere repudiandae nostrum rerum. Nisi unde ea itaque est exercitationem ut dolorem incidunt.Distinctio qui ab minima itaque praesentium. Consequatur ipsam nobis sequi autem occaecati ex ab. Facilis aut autem et exercitationem aut culpa eum.', 0, 5, '2017-01-02 00:23:28', '2017-01-02 00:23:28'),
(49, 'Colten Durgan IV', 'Qui ipsum asperiores quam nisi est nisi. Ut impedit nesciunt ipsum dolorum eligendi voluptatem sit. Voluptas quod sed eius ut eius. Laborum ullam et et non dolor.', 'Sint nobis voluptatibus veniam fugiat facere ullam delectus. Sunt porro cum ipsum minima rerum. Dolorem quas inventore dolor amet vitae ex et.Et omnis cupiditate libero eligendi aperiam quo aut. Maxime veniam molestiae eos velit recusandae accusamus. Magni et eum ut non eos voluptas fugit.Suscipit eveniet nobis quos expedita accusantium quia. Voluptatum eveniet a cupiditate ad. Tempora reiciendis sed et asperiores atque ducimus non. Dolore qui et doloribus autem molestiae sint ut.', 0, 2, '2017-01-02 00:23:28', '2017-01-02 00:23:28'),
(50, 'Winnifred Hintz', 'Voluptatem suscipit magnam iusto est error beatae enim. Qui voluptatem deleniti quo quia. Quod alias eum neque odit.', 'Sit est libero maiores sint natus nihil. Ea mollitia ipsum natus debitis amet voluptatem voluptatem. Fugiat consequuntur voluptatem distinctio ut omnis ut voluptas.Aut corrupti possimus libero voluptatem consequatur et. Modi autem possimus repudiandae ipsum. Deleniti distinctio quia velit illo. Omnis a adipisci commodi possimus assumenda quasi quis.Pariatur soluta omnis ratione placeat. Qui totam exercitationem non est id. Eum accusamus unde quaerat et non reiciendis. Placeat totam iusto consequuntur molestias.', 0, 1, '2017-01-02 00:23:28', '2017-01-02 00:23:28'),
(51, 'Bernadette Senger Jr.', 'Voluptates aperiam totam incidunt iure sapiente. Doloremque quos ut sit aut sint reprehenderit beatae et. Ea earum quod et earum quas molestiae culpa.', 'Rerum ducimus vero aut qui quia. Sint voluptas animi ab aut aut itaque. Iste quas quia in ducimus velit. Dolore mollitia velit hic dolorem. Cum qui odit eius expedita incidunt officia nobis omnis.Inventore unde qui veritatis est. Magnam occaecati et qui. Tenetur et ut illo adipisci incidunt. Sint qui nostrum enim pariatur nihil iste.Voluptas sed dicta rerum itaque ex. Fuga suscipit earum recusandae velit nisi quasi vitae. Commodi sunt aspernatur atque aut non. Eaque enim quo consequatur reprehenderit.', 0, 5, '2017-01-02 00:23:28', '2017-01-02 00:23:28'),
(52, 'Estevan Fritsch MD', 'Praesentium voluptas aut voluptatibus recusandae praesentium cumque sed. Itaque ipsum libero itaque neque voluptatibus. Omnis quia labore et iure officia cum repellat ratione.', 'Mollitia est qui labore exercitationem illum. Ea enim suscipit debitis numquam sed. Molestiae dolor aut libero nostrum eos ut sed et. Quos earum quia non odio.Illum omnis et illo quo quia in itaque. Magni et neque ratione facere ut maxime. Molestiae sint laudantium magni eos vitae consequatur non iure. Error voluptatem voluptatem itaque quo fugit labore.Non voluptate autem et modi iure dolores. Qui quis in repellat iure. Et ut dicta velit amet quos officiis.', 0, 5, '2017-01-02 00:23:28', '2017-01-02 00:23:28'),
(53, 'Prof. Alison Abernathy DVM', 'Sit quis quia omnis. Eum sed enim culpa porro. Optio tempora vel voluptate nihil. Autem tempore non voluptate occaecati eveniet dolorem corporis.', 'Officia iure sunt quae molestiae et quibusdam. Voluptas aut eius molestias distinctio deleniti. Accusamus aut sed voluptas commodi.Dolore excepturi possimus saepe incidunt animi dignissimos ut accusamus. Animi eius exercitationem eius vero eos. Minus numquam qui animi tenetur. Vero et rerum earum debitis unde.Ut aut molestiae et id modi dolorum earum. Hic odio ut libero aliquam in perferendis. Soluta reiciendis necessitatibus accusamus soluta omnis cum saepe.', 0, 2, '2017-01-02 00:23:28', '2017-01-02 00:23:28'),
(54, 'Ruthie Treutel', 'Soluta hic reprehenderit odit porro. Earum unde distinctio velit et consequuntur. Officia esse sunt perspiciatis.', 'Ab quas rerum nulla et. Et quod incidunt nostrum ut voluptatibus. Voluptas quas sed voluptatum iste voluptates. Itaque atque distinctio quidem laboriosam fugiat ut quod nobis.Provident praesentium quis qui est quae neque. Quae quo laboriosam tempora rem expedita qui. Qui inventore ad ea.Tempora maxime quos sed. Sed aut dolor quibusdam similique dolor odit fuga minima.', 0, 3, '2017-01-02 00:23:28', '2017-01-02 00:23:28'),
(55, 'Dr. Sedrick Conn', 'Rem officiis esse qui ut qui sunt molestiae. Repellat aut accusantium dolores totam. In doloribus fuga est aut corrupti. Et ea amet sed consequatur minima incidunt nostrum.', 'Ut pariatur odit ut minus esse architecto odio incidunt. Quia dolor deserunt voluptates eum. In quos et et odio non ipsam iusto. Sed quia similique harum iure animi consequatur.Aut tempore eius enim libero recusandae. Id reprehenderit commodi rerum praesentium autem in sapiente. Modi fugiat fuga enim rerum sint dolore.Fugit hic temporibus est est sed. Amet ex architecto assumenda et. Atque aperiam fuga amet autem laudantium.', 0, 4, '2017-01-02 00:23:28', '2017-01-02 00:23:28'),
(56, 'Kiarra Labadie', 'Est et natus molestias et eveniet quo et. Blanditiis corrupti dolor consectetur sunt sed a. Aliquid assumenda aut ut fuga vel et. Quas beatae eius ea nam nulla.', 'Nisi et voluptas ipsa molestias id consectetur. Distinctio qui delectus ut dicta totam laudantium. Qui illum quod commodi at quae.Aut debitis debitis sunt vitae aliquam tempore non. Et quis omnis tempore et sit vel.Vel a esse itaque sed itaque. Veritatis eum et quis cum fugit. Dignissimos non ipsa qui ipsum cupiditate. Delectus ut officiis hic nisi sapiente.', 0, 5, '2017-01-02 00:23:28', '2017-01-02 00:23:28'),
(57, 'Donna Kulas', 'Vitae consectetur odio odio qui. Odio et illo quos qui harum. Saepe qui temporibus atque ut perspiciatis voluptatem commodi accusamus.', 'Unde occaecati voluptatem eius odio. Quam eum esse ut aut officia. Sunt ab aperiam enim. Mollitia odit repudiandae aut recusandae amet. Voluptatem quae id est dolorem animi quos.Et similique et esse modi debitis tenetur. Et accusamus sapiente saepe rerum. Iure iste eligendi unde maxime inventore sit voluptates soluta.Fugit ipsa doloribus et ducimus aliquam dolor impedit. Minus vitae facilis neque ipsa aut nam. Ab quae qui quo ut magnam iste saepe.', 0, 4, '2017-01-02 00:23:28', '2017-01-02 00:23:28'),
(58, 'Priscilla Greenfelder', 'Id magni labore magni totam. Odit atque delectus eveniet sequi.', 'Ipsam et eum molestias. Voluptatem est non hic et. Autem fugiat velit quo alias. Dicta incidunt harum sit quasi quis qui possimus dolores.Qui vero eos et velit provident blanditiis qui. Iusto animi vel explicabo deleniti. Officia eos nesciunt deleniti voluptates. Deserunt aspernatur quasi qui sit animi qui.Illum quasi dolores quos reprehenderit. Quis est veniam omnis ducimus sint sint. Architecto eum repellendus sit reiciendis nulla.', 0, 5, '2017-01-02 00:23:28', '2017-01-02 00:23:28'),
(59, 'Adriel Gottlieb', 'Delectus est voluptatem asperiores modi. Vero consequatur maiores corrupti amet officiis. Quia qui ratione voluptas et debitis non dignissimos qui. Eaque qui accusamus qui eligendi veniam cumque.', 'Consequatur quis et aut impedit. Aperiam sed deleniti dolorem et sunt. Repellendus repudiandae perferendis nam. Reprehenderit temporibus molestiae distinctio consequatur cupiditate et.Laboriosam rerum illum quod quas eaque laboriosam consectetur. Repellendus sapiente est et. Repellat qui enim aspernatur dignissimos. Sit voluptate voluptas necessitatibus voluptas aut quis quo est.Esse itaque pariatur eos fugiat quas consequatur iure. Ducimus quidem quasi dolor. Enim veniam quisquam cupiditate est sit dolores illum. Ut nihil quae molestias et quia autem dolor.', 0, 4, '2017-01-02 00:23:28', '2017-01-02 00:23:28'),
(60, 'Uriah Grant', 'Dolorem porro iste consequatur fugit voluptatem fugiat. Inventore saepe atque animi. Accusamus deleniti ut aut quia et. Sit reprehenderit recusandae et. Ipsa sit autem esse est magni alias et.', 'Dolores rerum vitae quibusdam iste soluta sunt qui. Magnam expedita id voluptatem fugiat hic. Soluta dolore aut distinctio deleniti. In dolor sed vel tempora labore voluptas ut.In nostrum eaque totam officiis ducimus in consequatur aut. Et reiciendis consequuntur culpa id non praesentium. Expedita quia iure et eos quis.At optio veniam facere aut. Ut maxime quia non nesciunt. Earum quisquam facilis exercitationem est corporis ipsam fugit.', 0, 4, '2017-01-02 00:23:28', '2017-01-02 00:23:28'),
(61, 'Jakob Mueller', 'Iure qui fugiat distinctio magni. Ipsa quia blanditiis odit odio. Libero laborum harum nesciunt dolore dolorem.', 'Sint sed dolores sit quia. Optio vero est aliquam. Alias dolores saepe eos dicta.Voluptas nemo magnam quas eum minus. Sed quisquam ad sint fuga ducimus optio quisquam. Ipsa repellendus est et est.Qui sit voluptatem minima debitis autem alias porro. Quaerat itaque optio ut non fugiat voluptate doloribus. Voluptatum nemo qui voluptatibus.', 0, 2, '2017-01-02 00:23:28', '2017-01-02 00:23:28'),
(62, 'Reed Robel', 'Quam ab facilis consequatur. Fugit exercitationem repudiandae sint dolorem veniam rem. Ducimus et voluptates ducimus vero. Excepturi non libero reiciendis voluptas.', 'Et a et sed ex dolorem et. Ab incidunt repellendus est vitae non minus tempore. Provident est reprehenderit illo quis amet qui explicabo. Possimus quidem architecto commodi voluptas.Eaque id sapiente aperiam praesentium quia perferendis. Et adipisci rerum aperiam ab in. Optio voluptate nobis non omnis.Dolor enim beatae quod aut pariatur iste. Sunt rerum voluptatem voluptate quae aliquid qui dolorem. Vero voluptates occaecati voluptatem aliquid earum.', 0, 4, '2017-01-02 00:23:28', '2017-01-02 00:23:28'),
(63, 'Dorothy Muller', 'Qui consequuntur autem nihil nihil ut. Dicta quia consequatur reprehenderit et omnis. Eos placeat eaque iste autem quam ab rerum. Deleniti soluta alias doloremque quis reprehenderit nihil magnam.', 'Est temporibus eum atque eveniet rem at eos eligendi. Iusto vero reiciendis in non sed assumenda.Est culpa consequatur deleniti. Doloribus eos velit pariatur. Veritatis officiis rerum at ea cumque aut.Nisi consequatur rerum ipsam in. Officia cupiditate similique quia necessitatibus ipsum et. Vel tempora ut ratione eaque laboriosam animi.', 0, 5, '2017-01-02 00:23:28', '2017-01-02 00:23:28'),
(64, 'Dakota Becker', 'Architecto enim id aperiam nihil cum fugiat in quis. Omnis vel voluptatem provident harum vitae dolorem dolore. Voluptates molestiae eum dolores quam alias minus non.', 'Quos recusandae error dolorum sit autem. Laboriosam quam aut ut et et beatae. Est atque aperiam quia numquam voluptatem aliquid blanditiis. Consequatur debitis veniam ab et aspernatur.Et necessitatibus ullam inventore tenetur. Ex molestias odit odit. Cum est ut velit odit.\nQui tempore corporis magni temporibus. Sit sit magnam in qui vel. Maiores amet maxime perferendis sit.Et totam ipsam aliquid vitae. Laudantium sunt ea cupiditate maiores quas occaecati. Distinctio natus vitae officiis neque veritatis sint sed praesentium.', 0, 1, '2017-01-02 00:23:28', '2017-01-02 00:23:28'),
(65, 'Marilie Lakin', 'Tenetur illo ex nemo quia rem. Et ut est repellat hic aut sunt. Consequuntur est similique rerum magnam molestias dolorem quidem.', 'Aperiam et illum blanditiis. In qui laboriosam repellat maiores blanditiis. Sit reiciendis est exercitationem perferendis et sapiente distinctio consequatur. Hic sed sunt fuga commodi rem unde optio.Veritatis omnis corporis iste. Voluptas exercitationem non eligendi sed architecto similique odit. Voluptatem iure consequuntur dolorem omnis. Corrupti quis consectetur facilis qui quos rerum quo ab.Quis in in omnis atque. Est aut laudantium consectetur omnis. Est accusantium voluptatem et cupiditate at ut debitis.', 0, 2, '2017-01-02 00:23:28', '2017-01-02 00:23:28'),
(66, 'Sylvester Cormier', 'Iusto fugit placeat saepe itaque esse eaque aspernatur. Deleniti fugit veritatis voluptatem eum.', 'Dolor praesentium tempore dignissimos tempora aliquam fugit. Minus aperiam ea quo in vel ipsa. Et repellendus et nam architecto. Fugit aut nihil iste explicabo.Magni neque et voluptas. At odit qui laborum iusto. Beatae quia amet cumque est.Commodi doloremque occaecati optio et quidem consequatur consequatur. Cupiditate hic dolore nam aut. Aut laboriosam explicabo facilis labore quis.', 0, 1, '2017-01-02 00:23:28', '2017-01-02 00:23:28'),
(67, 'Gladys Pouros', 'Dolore assumenda est earum pariatur non. Illum rerum id dolore dignissimos modi. Dignissimos nemo non ad rem ullam cupiditate qui. Ducimus ut est et magni voluptates incidunt.', 'Temporibus vel ipsam voluptatem quia reprehenderit quibusdam. Corporis incidunt eligendi ut corporis.Occaecati ad animi facilis est neque iure ipsam. Autem rerum et rerum eius aut dignissimos. Rerum consequatur fugiat labore ea. Itaque quaerat aliquam sed quia voluptatum esse perferendis.Qui maxime in iste accusantium blanditiis pariatur. Enim dolores ex temporibus delectus saepe. Nobis magni sit suscipit facere facilis illum qui.', 0, 4, '2017-01-02 00:23:28', '2017-01-02 00:23:28'),
(68, 'Gage Kassulke', 'Doloremque quibusdam distinctio aut adipisci. Asperiores maxime odit neque ut earum. Dolores repellendus totam dignissimos amet.', 'Itaque velit quod dolore iste aut et. Earum qui aut voluptatem alias omnis nam. Quis dolor quis culpa animi. Dignissimos sint in dolores voluptatibus.Molestiae qui nemo magni ut. Occaecati voluptas reprehenderit enim dolor dolores.Sapiente nemo in ex sequi explicabo numquam. Aut quisquam ducimus cupiditate. Neque eaque ex similique id iusto porro.', 0, 5, '2017-01-02 00:23:28', '2017-01-02 00:23:28'),
(69, 'Breanne Bogan', 'Et porro molestiae culpa atque aut repudiandae voluptatem ea. Maiores voluptas qui sed in totam nulla repellat. Non vel dolorem rerum reprehenderit natus.', 'Amet eos sapiente facere laudantium natus qui ut. Est iure inventore omnis et amet impedit. Animi at quia voluptatem laudantium.Occaecati consectetur voluptatibus dolor at rerum enim. Fugit repellendus dolorum iure temporibus doloribus iusto aliquid. Alias enim esse aut accusantium sed. Esse deserunt tenetur vitae dolor.Hic aut vero ad et. Adipisci itaque velit eos.\nQuasi reprehenderit voluptatem aspernatur amet. Quasi porro animi omnis. Vitae ut est sequi id.', 0, 3, '2017-01-02 00:23:28', '2017-01-02 00:23:28'),
(70, 'Kyleigh King', 'Eaque qui quas error ipsa qui numquam molestias. Suscipit sequi ad sit ut incidunt. Dolorum veritatis ad pariatur voluptatibus nostrum a quia.', 'Libero sed quaerat recusandae iusto magnam. Magnam eum sed voluptatem beatae. Vel praesentium beatae voluptatibus ex ab dolore id. Ut eos eius itaque ullam rem eligendi voluptatem magnam.Voluptatem facere rerum reiciendis aut magnam. Velit sit ut ratione maiores. Officia delectus est amet velit rerum at. Illo omnis et quis cum vitae sint.Dignissimos officiis qui officiis debitis. Quam tempore molestias molestias consequatur esse dolores sit. Amet pariatur enim quisquam voluptas sed. Sit ea asperiores consequatur quod non culpa nobis.', 0, 1, '2017-01-02 00:23:28', '2017-01-02 00:23:28'),
(71, 'Reymundo Leffler', 'Accusantium quia numquam saepe eligendi quidem quia. Ut consequatur et suscipit ad quisquam atque porro. Placeat ipsum et sunt. Dolorum et voluptate nemo itaque amet.', 'Voluptas dolorem minus soluta. Quia a nostrum et aut. Pariatur vel atque molestias nihil autem assumenda occaecati. Tenetur voluptatem magni consectetur eum.Enim amet nulla voluptas neque sit possimus doloremque. Ut aspernatur sint harum eum. Rerum aut ea nesciunt. Ut et non quos ut.Nulla accusamus fuga quia. Perspiciatis aut voluptas facere omnis pariatur blanditiis sint. Ut reprehenderit quasi pariatur excepturi. Est ducimus qui itaque quaerat deserunt quo cumque.', 0, 4, '2017-01-02 00:23:28', '2017-01-02 00:23:28'),
(72, 'Dalton Littel I', 'Aliquid itaque voluptatum in nobis accusantium accusantium nostrum. Ut quia harum non. Eos veritatis nesciunt nobis asperiores voluptatibus quia.', 'Suscipit perspiciatis est id. Animi adipisci et quia qui aut rem voluptate commodi. Consequuntur ut amet facilis tempora est consequatur odio.Quia optio modi atque dolorum. Rerum expedita minima sed consectetur eos et. Sed rerum possimus qui odio doloribus. Sed molestias ipsa autem iusto perspiciatis.Illo at et dignissimos architecto dolorem nostrum quo. Quia eligendi consectetur dolores facere omnis ad. Provident reiciendis temporibus velit corporis.', 0, 1, '2017-01-02 00:23:28', '2017-01-02 00:23:28'),
(73, 'Jada Schowalter', 'Delectus qui fugit et quo hic ut. Quaerat rem eum repellendus ullam maiores. Porro quasi occaecati eum qui aut.', 'Placeat expedita maiores perspiciatis. Officiis iusto quis distinctio. Optio eum corporis fugit repellendus tenetur omnis.Assumenda corrupti ratione consectetur est. Beatae illum quidem dicta quaerat laudantium accusantium. Nemo tempore autem nesciunt sed maiores et. Omnis velit alias quae ut deleniti voluptatem eaque.Facilis esse laborum nihil illo sit. Ex praesentium libero fugiat itaque. Voluptatem magni quisquam labore.', 0, 5, '2017-01-02 00:23:28', '2017-01-02 00:23:28'),
(74, 'Houston Gerlach PhD', 'Molestiae enim expedita est in asperiores. Et sed quis non fugiat. Perspiciatis et omnis unde sed et.', 'Amet ea a minima voluptatem ipsum error. Cupiditate deserunt voluptatibus ipsum iste commodi et sint. Beatae sint itaque quaerat et tempore.Porro et sit perferendis facilis iusto et et rem. Magni dolore consequuntur molestiae nam ipsa aspernatur nostrum.Rerum magni et aut non reiciendis. Aliquid laudantium ut soluta molestias nam. Quod quam aut dolorum sit aut. Qui soluta iusto neque asperiores consequuntur sed.', 0, 3, '2017-01-02 00:23:28', '2017-01-02 00:23:28');
INSERT INTO `posts` (`id`, `title`, `summary`, `description`, `status`, `category_id`, `created_at`, `updated_at`) VALUES
(75, 'Bart Kihn', 'Animi a et maiores aut quasi. Nemo in voluptas numquam sed. Accusamus vel et ducimus sit mollitia delectus illum. Autem et dolore esse magni et est nemo.', 'Est unde aut qui et. Non velit magnam error et omnis. Non est ut sequi harum quia magnam voluptates totam.Eos minus repellat non qui cumque. Autem aut consequatur blanditiis voluptatem qui earum quia. Quo est labore dicta eos quia cumque est laborum. Quam quo et ratione explicabo cumque voluptatum.Esse architecto exercitationem voluptatem pariatur perferendis molestias eveniet. Et non nulla neque qui. Aspernatur fugiat cumque nostrum. Laborum iure aut quos porro laboriosam ipsum.', 0, 1, '2017-01-02 00:23:28', '2017-01-02 00:23:28'),
(76, 'Carlie Rice', 'Exercitationem temporibus quod autem quasi doloremque id aut. Sed blanditiis sunt nulla et molestiae laborum. Tempore nihil nesciunt quis error rerum.', 'Asperiores esse reprehenderit assumenda aut. Corporis autem omnis et qui. Doloremque qui sed deserunt doloremque harum aspernatur. Quibusdam iure et voluptas laboriosam.Et dignissimos fugiat sunt maxime. Eos aliquam nisi est harum dicta placeat aperiam.Iste qui veniam dicta doloribus quidem dolores voluptate inventore. Quia ipsa est tempora quaerat a tempore. Repudiandae eius aut quis et eius.', 0, 3, '2017-01-02 00:23:28', '2017-01-02 00:23:28'),
(77, 'Annamae Haley', 'Voluptas cum nesciunt porro molestias nihil blanditiis totam. Eaque fugit dolor sint necessitatibus magni id et.', 'Ipsum ab non blanditiis consequatur id distinctio. Sed nihil laborum itaque. Incidunt earum iusto qui ab velit. Eaque unde earum ut rerum quis natus soluta.Beatae sit mollitia doloremque perspiciatis. Molestiae qui dolor saepe minima. Voluptas ea velit quis sit. Harum hic hic eligendi omnis est.Repudiandae dolores maiores voluptatum ut veritatis. Vel adipisci quisquam voluptate atque maxime enim facilis. Reiciendis dignissimos qui cumque consequatur tempore.', 0, 3, '2017-01-02 00:23:28', '2017-01-02 00:23:28'),
(78, 'Cody Sauer', 'Esse delectus deserunt dignissimos reiciendis exercitationem veniam. Eos ut est culpa non. Inventore voluptas harum et sit perspiciatis. Modi dolorem commodi sed in et.', 'Qui amet explicabo aut aut enim. Fuga odio velit voluptas. Asperiores dolor porro quia. Quam distinctio tenetur impedit iste non.Sed illum repellendus molestiae at. Accusamus dolores quia fuga ex. Dolores perferendis et et reprehenderit hic ex. Consectetur non dolorem perspiciatis est fuga velit nostrum.Voluptas consequatur perspiciatis veritatis quos adipisci. Iste delectus id nemo et. Qui voluptas asperiores architecto commodi explicabo. Illum aspernatur omnis sit cumque repellat.', 0, 5, '2017-01-02 00:23:28', '2017-01-02 00:23:28'),
(79, 'Nina Doyle', 'Dolorem aliquid sed minima est asperiores nostrum voluptatum. Consequuntur quia dolor dolorem eligendi. Repudiandae fugiat id sunt.', 'Molestias rerum quod dolorem voluptates ab. Eius adipisci et velit libero qui eos. Ipsa ipsa eos adipisci et tenetur praesentium.Cum esse nisi veritatis dolorum incidunt non. Rem sint unde sint nulla. Quasi aspernatur ex totam voluptas aut.\nQui placeat et officiis hic. Veniam eveniet provident pariatur quidem.Non placeat eveniet aut corporis rem delectus aut. Sed debitis velit veniam voluptatem. Autem aut illo est et eos. Aut quisquam sed minima nobis eligendi quia et. Pariatur in exercitationem deleniti.', 0, 1, '2017-01-02 00:23:28', '2017-01-02 00:23:28'),
(80, 'Norval Bashirian I', 'Odit enim nihil aut. Error deserunt ullam recusandae ipsam. Officia tempora ad hic quam velit.', 'Excepturi eligendi voluptas reiciendis commodi iste. Quia qui molestiae sit temporibus vel.Officiis autem quaerat nobis id pariatur. Veniam ratione enim eligendi autem. Beatae reprehenderit ut quasi illo quia exercitationem. Natus animi laboriosam amet quo reprehenderit natus omnis.Dolor atque quisquam sunt. Officiis voluptatem et voluptatum natus. Dicta tempore ipsum esse et maiores aut molestias doloribus. Omnis est dicta aliquid sit magni consequuntur.', 0, 5, '2017-01-02 00:23:28', '2017-01-02 00:23:28'),
(81, 'Dallin VonRueden', 'Quo molestiae quasi adipisci rerum esse dolorum optio. Ea deleniti sunt repellat et velit. Et aliquam explicabo et nesciunt.', 'Ipsam maiores qui et quod consequatur dolores. Sint voluptatibus sit ipsum quaerat aliquam. Qui fugiat aut ut fuga perspiciatis.Odio aut dignissimos voluptas doloribus culpa. Doloribus perspiciatis aspernatur error aliquid facilis quod officiis quidem. Consequatur sed rerum non aut non occaecati. Provident quia facilis velit.Beatae eum similique id quidem sint. Sunt illum facilis necessitatibus autem. Sit enim explicabo ab. Doloremque architecto aliquid harum et quibusdam quia voluptas.', 0, 2, '2017-01-02 00:23:28', '2017-01-02 00:23:28'),
(82, 'Enoch Borer I', 'Accusantium tenetur ipsa nam assumenda molestiae. Et dolore id totam non. Soluta doloremque autem quod et ab maiores. Sit doloribus perferendis dolorem sed quisquam.', 'Id aspernatur illum neque aut laborum. Odio repellat perspiciatis cum minima. Sequi distinctio iusto placeat a velit beatae numquam.Minus voluptatem maiores ab et tenetur qui. Sint nesciunt cumque deleniti necessitatibus magnam. Similique ullam officiis rerum.At ut saepe asperiores accusamus aliquid beatae eius. Quam officiis quae dolore voluptatum quis sunt fuga. Consequatur culpa praesentium vitae aspernatur possimus odit cupiditate maxime.', 0, 1, '2017-01-02 00:23:28', '2017-01-02 00:23:28'),
(83, 'Pedro Morar', 'Enim voluptatem voluptate eos eum sit voluptas unde tempore. Dolor totam sunt quia quo dolorem voluptatibus quidem. Sit nostrum at aliquid iure maiores beatae qui.', 'Ex velit temporibus consequuntur. Itaque cupiditate porro recusandae minus quia repellat sunt cum. Ex asperiores ut sint id nostrum expedita aut. Sit optio et modi totam sint et architecto.Et nihil quasi consequuntur voluptate. Voluptatem explicabo est animi commodi dolores dolorem voluptas. Quibusdam assumenda quia officia.Rerum et consequuntur eum veniam ducimus a odit. Deleniti iusto suscipit aut eligendi qui. Fuga necessitatibus repellat saepe quo autem voluptas veritatis et. Et harum cum facere velit.', 0, 5, '2017-01-02 00:23:28', '2017-01-02 00:23:28'),
(84, 'Mr. Westley Hahn Jr.', 'Qui eveniet non id molestiae saepe hic minus. Sed est et possimus sunt. Nulla perferendis quisquam tempora. Facere facere deleniti repellendus porro.', 'Dolorem voluptas officia dolores qui et. Ducimus magnam veritatis est veniam est omnis assumenda. Expedita esse deleniti cupiditate sint quod.Ut sapiente quia culpa eveniet asperiores dolore consequuntur. Qui explicabo accusamus atque officiis veritatis explicabo magnam. Ut sequi dolor consequatur excepturi.Aliquid quo inventore facere et impedit. Expedita est expedita hic est. Inventore culpa laborum et asperiores in harum deleniti. Expedita quisquam quod rerum reiciendis quod.', 0, 1, '2017-01-02 00:23:28', '2017-01-02 00:23:28'),
(85, 'Dr. Elmore Pfannerstill', 'Nesciunt ad voluptatum aut quia excepturi ab ipsam modi. Voluptatibus id non omnis recusandae vel. Animi et vel ducimus quaerat quas odio est. Rerum dolores itaque sed voluptatem.', 'Cupiditate numquam qui est quia ut laboriosam minus. Facere et atque et molestiae cumque. Quo odit sed assumenda molestiae. Ipsa iusto minima et iure consequuntur.Consequatur fuga voluptas iusto sed cupiditate itaque est sunt. Mollitia exercitationem modi est sunt animi eum dolores rerum. Possimus quaerat rerum nesciunt dolore velit ratione.Impedit hic laudantium facilis sunt. A qui maiores maiores laboriosam a incidunt nihil sit. Et sint in sint nemo veniam repellat quia.', 0, 5, '2017-01-02 00:23:28', '2017-01-02 00:23:28'),
(86, 'Mr. Sanford Grant II', 'Eum quaerat est molestiae qui laboriosam. Alias nam qui quo delectus. Eum enim fugit nesciunt ut nihil sed.', 'Et veritatis culpa error libero excepturi molestias accusamus. Voluptatum dolorem fugiat et qui. Velit facilis sequi et ipsum eos ab eum.Alias laudantium reiciendis doloremque ea. Cum expedita sit consequatur ut. Dolore aspernatur ad itaque. Aut nobis modi dicta quo sed.Id autem ab et beatae accusamus magni quam. Consequuntur cumque dolorum quidem et. Soluta voluptatibus magnam vel suscipit cumque. Ad quasi accusamus quia.', 0, 3, '2017-01-02 00:23:28', '2017-01-02 00:23:28'),
(87, 'Dallas Bradtke', 'Ducimus sunt quam aliquam. Quo maxime nihil voluptates rem porro aliquam repudiandae. Blanditiis velit deleniti enim natus. Ullam atque quasi quibusdam quam ad sunt et.', 'Quia facilis eius molestiae architecto et non dolores. Velit nihil eum illum et. Accusamus temporibus iusto ut.Illo omnis consectetur facere eum quasi ullam sed. Ut et ipsa aspernatur quam ut fuga fugit. Vero dolores quisquam recusandae dolorem aut eaque.Velit quo dolorem ut sunt. Laborum dicta est et eaque. In eos et cupiditate possimus eligendi quia ea.', 0, 5, '2017-01-02 00:23:28', '2017-01-02 00:23:28'),
(88, 'Dr. Bennett Streich III', 'Est culpa perferendis velit inventore cupiditate. Neque accusantium soluta voluptas non quo ea voluptates.\nTempora soluta eum voluptas et quas rerum nisi aperiam. Facere libero culpa quod corporis.', 'Ipsa reiciendis aut porro iure autem nam cupiditate. Exercitationem maiores ad ducimus aperiam temporibus deleniti a. Earum cumque eveniet totam dignissimos voluptatem.Praesentium et dolorum unde atque. Voluptate sit ipsam neque debitis. Ipsa magni quisquam aliquid molestiae.Cupiditate ut qui est ut a vitae eaque. Ipsum quo cum molestias itaque quasi modi nisi. Accusamus fugit officiis rerum rem debitis asperiores. Deleniti sit libero nisi consequuntur et.', 0, 5, '2017-01-02 00:23:28', '2017-01-02 00:23:28'),
(89, 'Miss Luisa Schinner DVM', 'Similique quis sunt dignissimos veniam nostrum. Aut nesciunt rerum incidunt cupiditate et voluptas. Quo quaerat necessitatibus quam ut quia eveniet et vel.', 'Quibusdam aliquam asperiores est voluptatem officiis accusamus. Facilis hic quas cum ab qui. Accusamus eius totam veritatis asperiores ea blanditiis.Optio qui enim ab excepturi ipsum. Aliquam quasi hic possimus quam. Iste rerum maxime nulla ad in labore.Minus debitis atque quibusdam dignissimos saepe vero. Qui praesentium saepe quidem. Voluptatem reiciendis rem asperiores quo.', 0, 5, '2017-01-02 00:23:28', '2017-01-02 00:23:28'),
(90, 'Prof. Jose Predovic V', 'Est et voluptatem temporibus molestiae cum sint. In exercitationem blanditiis quidem nam et sint ducimus. Aliquid consequatur rerum illum quis magni nisi repellendus.', 'Inventore totam distinctio voluptates. Assumenda repudiandae ducimus nulla rerum aliquam. Velit necessitatibus molestiae earum voluptatum. Dolorem rem velit a aut distinctio rerum asperiores.Numquam itaque maxime facere. Porro porro animi enim. Saepe molestiae aspernatur voluptates et quia quibusdam laudantium. Fuga aut numquam qui nostrum saepe accusantium ut.Sapiente eum fugiat et officiis hic. Cum et eos odit assumenda similique non. Praesentium aliquid voluptatum totam libero ad pariatur est.', 0, 4, '2017-01-02 00:23:28', '2017-01-02 00:23:28'),
(91, 'Miguel Jenkins', 'Et vero aliquam suscipit sequi optio nulla ipsum. Alias eaque quaerat eos et est aut iste. Eos ea non quia nihil quos temporibus. Maxime ad expedita et sunt.', 'Perspiciatis quod velit alias autem est. Reiciendis vero qui cupiditate. Nisi quod iure libero est. Quis incidunt et aut sapiente vel.Fugiat natus ex provident dolor. Debitis id illo suscipit inventore similique quia. Et voluptatibus numquam error veniam expedita ut eius quis.Culpa quos sit rerum enim. Laboriosam amet quia sed ad eos. Omnis aperiam quia magni quod est similique. Quo quisquam a repellat aut dolore nulla.', 0, 5, '2017-01-02 00:23:28', '2017-01-02 00:23:28'),
(92, 'Anais Hamill DDS', 'Minima fugit sunt fugiat laborum. In odit et sapiente sint in eos qui. A eos in odit et.\nArchitecto ut rerum provident corporis delectus ratione quam. Esse quo enim nobis. Consequatur ratione ad est.', 'Aliquam autem vitae quibusdam quam. Ex iure adipisci enim distinctio exercitationem sed non. Saepe rerum quidem ullam exercitationem eos.Repellat nisi eius aspernatur fugiat velit amet. Eveniet vel laudantium porro qui. Aliquid doloremque cumque officia et repudiandae porro consectetur iste. Dolor dolorem quia dolorem.Nihil necessitatibus aspernatur iusto quod quo blanditiis eaque quod. Sequi est necessitatibus et.', 0, 2, '2017-01-02 00:23:28', '2017-01-02 00:23:28'),
(93, 'Jovanny Wunsch', 'Adipisci excepturi quis rerum nesciunt cupiditate repellat. Ullam voluptatibus iste fugit dolor. Asperiores quia dignissimos facere quaerat quibusdam officiis.', 'Aut et quisquam voluptatem sapiente saepe tempore ipsam. Rem in eum et odio placeat occaecati. Ut voluptatem nam architecto omnis.Veritatis quam fugit rerum perspiciatis eveniet. Blanditiis laborum tempore omnis. Ut alias dicta dolorem mollitia et.Quo odit dolores consequatur consequatur architecto delectus consequatur. Error esse hic et quis eum. Et ipsam et et omnis itaque porro quibusdam quibusdam. Ut inventore eum dicta.', 0, 4, '2017-01-02 00:23:28', '2017-01-02 00:23:28'),
(94, 'Ms. Shayna Purdy', 'Corporis soluta qui fugiat et animi. Provident et rerum accusantium eum consectetur minima qui. Debitis eos quis sit quisquam quo. Fugiat voluptates commodi quos itaque aliquam.', 'Dolor quasi saepe vel. Non fugiat explicabo deserunt non sed et nobis facilis. Enim et non quia cumque dolore sint aut rerum.Quisquam placeat illum similique minus. Odit omnis nam perspiciatis sunt rerum sapiente. Quia et ducimus doloremque aperiam distinctio aliquid dolor.Provident natus provident consequatur commodi fugiat. Ut facilis rem eos voluptatem quos quia ut sunt. Soluta a nostrum architecto.', 0, 1, '2017-01-02 00:23:28', '2017-01-02 00:23:28'),
(95, 'Lorena Legros', 'Saepe sunt nisi aut est qui nobis. Quaerat expedita magnam velit itaque non officiis. Voluptates magnam alias illo eos autem. Nostrum molestiae aut culpa eum.', 'Non numquam necessitatibus tempore illo. Autem necessitatibus dolorem quasi esse dolorum ad eum.Sed ipsum aut illo assumenda nostrum. Nam modi neque deserunt atque eum et. Consectetur voluptatem dolorem inventore eum vel. Quae atque accusantium minus similique voluptas cum.Sunt sapiente consequatur ea rerum. Explicabo consequuntur ut unde ut tempora suscipit odit. Suscipit hic eos porro totam dicta dolorem fugit atque. Laudantium autem hic autem vero est.', 0, 3, '2017-01-02 00:23:28', '2017-01-02 00:23:28'),
(96, 'Miss Josefina Wintheiser', 'Voluptatem sed ut omnis rerum qui est voluptatem. Sit incidunt aut impedit quia. Et et a explicabo ipsum.', 'Omnis id odio error unde non sed. Et molestiae quidem quis quod dolorem et. Beatae iusto recusandae nam quasi ut ea similique. Quis molestias voluptates voluptatem et iusto.Quos qui quo totam placeat. Veniam nulla reprehenderit officia eum culpa optio accusamus assumenda. Voluptatem repudiandae consectetur voluptatum voluptas fugiat et.Et voluptas perspiciatis eligendi quos. Autem hic quia sequi. Voluptas cumque id laborum.', 0, 2, '2017-01-02 00:23:28', '2017-01-02 00:23:28'),
(97, 'Braxton Mills I', 'Quasi atque occaecati nemo. Et vitae quia ut ut iure tempora aut. Veritatis omnis optio repellat veritatis. Deleniti sit molestiae odit et eum.', 'Nulla necessitatibus excepturi dolor. Quo unde nihil reiciendis ad. Ut nemo blanditiis assumenda. Dolores occaecati est qui repellat corporis qui sunt.Et culpa dolores enim voluptas sequi aliquid dolor ipsam. Est voluptatem modi qui esse voluptatem. Quia dolor eveniet autem adipisci. Voluptatem dolores ea qui.Ut quod dolorum et deserunt nobis. Dignissimos quo sit consequatur voluptatibus. Dolores aperiam voluptas culpa quas.', 0, 4, '2017-01-02 00:23:28', '2017-01-02 00:23:28'),
(98, 'Kadin Jones Jr.', 'Odit facere corporis et est omnis. Aliquid perferendis quo ratione sed. Modi soluta eaque quia placeat aut.', '<p>Voluptas eos ipsum sunt. Illo perferendis hic laboriosam est vero. Sapiente nam animi consequatur facere sunt. Quisquam id aut voluptates quasi.Reprehenderit dolore dolorem nobis et ut sit neque. Nihil minus tempora qui ratione. Rerum debitis aut doloribus quis. Nisi ullam ut et dolores sint.Reprehenderit modi voluptate quod repudiandae laboriosam quo repudiandae. Corrupti veniam consequuntur cum blanditiis eum. Ab molestiae accusantium tenetur ut non eligendi minus.</p>\r\n\r\n<p>ffgggggggggggggggggggggggggggg</p>\r\n', 1, 4, '2017-01-02 00:23:28', '2017-01-06 03:04:04'),
(99, 'Miss Cordia Rohan Sr.', 'Aut magnam consequatur maiores qui doloremque labore. Perspiciatis sunt consectetur veritatis voluptas voluptatem quia. Et occaecati alias beatae enim sint ut.', '<h1>Kinh nghim du lch H N&uacute;i Cc, Th&aacute;i Nguy&ecirc;n y  nht</h1>\r\n\r\n<p>C&oacute; th vi nhiu ngi&nbsp;<strong>H N&uacute;i Cc</strong>&nbsp;ch l&agrave; mt h nc ngt nh&acirc;n to kh&ocirc;ng c&oacute; g&igrave; c bit. Nhng &acirc;y l&agrave; l&agrave; mt a im du lch gii ta stress ng&agrave;y cui tun rt tuyt vi.&nbsp;<strong>Du lch H N&uacute;i Cc</strong>&nbsp;kh&ocirc;ng n thun l&agrave; ngh ngi, tnh t&acirc;m m&agrave; c&ograve;n l&agrave; c hi  du kh&aacute;ch m m&igrave;nh trong kh&ocirc;ng gian huyn thoi v t&igrave;nh y&ecirc;u tuyt p ca N&agrave;ng C&ocirc;ng v&agrave; Ch&agrave;ng Cc. Tham kho nhng th&ocirc;ng tin chia s v&nbsp;<strong>kinh nghim du lch H N&uacute;i Cc, Th&aacute;i Nguy&ecirc;n y  nht</strong>&nbsp;ca ch&uacute;ng t&ocirc;i &nbsp;c&oacute; s chun b y  nht cho chuyn i x stress ca m&igrave;nh nh&eacute;.</p>\r\n\r\n<p><img alt="Kinh nghim du lch H Ni Cc" src="http://dulich9.com/wp-content/uploads/2015/07/kinh-nghiem-du-lich-ho-nui-coc.jpg" style="height:406px; width:600px" /></p>\r\n\r\n<h2>Kinh nghim du lch H N&uacute;i Cc, Th&aacute;i Nguy&ecirc;n</h2>\r\n\r\n<h3>N&ecirc;n i du lch H N&uacute;i Cc v&agrave;o thi gian n&agrave;o l&agrave; th&iacute;ch hp nht?</h3>\r\n\r\n<p>T&ugrave;y theo mc &iacute;ch chuyn i m&agrave; bn c&oacute; th du lch H N&uacute;i Cc v&agrave;o bt k thi im n&agrave;o trong nm. Tuy nhi&ecirc;n, theo nhng du kh&aacute;ch gi&agrave;u&nbsp;<strong>kinh nghim du lch H N&uacute;i Cc t t&uacute;c kh&aacute;m ph&aacute;</strong>&nbsp;th&igrave; bn n&ecirc;n i v&agrave;o khong thi gian t th&aacute;ng 3 n th&aacute;ng 9. V&agrave;o thi gian n&agrave;y, H N&uacute;i Cc thu h&uacute;t rt nhiu kh&aacute;ch du lch thp phng&nbsp;n&ecirc;n rt &ocirc;ng vui, nhn nhp, c&aacute;c hot ng tham quan v&agrave; ngh thut cng c t chc nhiu hn.</p>\r\n\r\n<p><img alt="Kinh nghim du lch H Ni Cc b ch, y " src="http://dulich9.com/wp-content/uploads/2015/07/kinh-nghiem-du-lich-ho-nui-coc-5.jpg" style="height:450px; width:600px" /></p>\r\n\r\n<p>Kinh nghim du lch H N&uacute;i Cc b &iacute;ch, y </p>\r\n\r\n<p>Bn kh&ocirc;ng n&ecirc;n i H N&uacute;i Cc v&agrave;o m&ugrave;a &ocirc;ng, bi cnh sc kh&ocirc;ng c&oacute; g&igrave; c sc, cng kh&ocirc;ng &ocirc;ng &uacute;c vui v, nht l&agrave; nhiu hot ng tham quan v&agrave; kh&aacute;m ph&aacute; kh&ocirc;ng c t chc do gii hn s lng kh&aacute;ch. Tuy nhi&ecirc;n, nu bn ch n thun n vi H N&uacute;i Cc  ngh ngi, gii ta stress v&agrave; m m&igrave;nh trong kh&ocirc;ng gian ch&ugrave;a chin cng nh cnh sc thi&ecirc;n nhi&ecirc;n th&igrave; bn c&oacute; th i v&agrave;o m&ugrave;a n&agrave;y.</p>\r\n\r\n<h3>i nh th n&agrave;o  n H N&uacute;i Cc? Hng dn c&aacute;ch di chuyn n H N&uacute;i Cc</h3>\r\n\r\n<p>H N&uacute;i Cc c&aacute;ch H&agrave; Ni khong 100km v&agrave; c&aacute;ch trung t&acirc;m TP.Th&aacute;i Nguy&ecirc;n khong 16km. Giao th&ocirc;ng t H&agrave; Ni, TP.H Ch&iacute; Minh v&agrave; c&aacute;c tnh kh&aacute;c trong c nc n H N&uacute;i Cc rt thun li. Trong b&agrave;i chia s&nbsp;<strong>kinh nghim du lch H N&uacute;i Cc t t&uacute;c i li, n chi</strong>&nbsp;n&agrave;y ch&uacute;ng t&ocirc;i s hng dn c&aacute;c bn c&aacute;ch di chuyn t H&agrave; Ni n H N&uacute;i Cc nh&eacute;:</p>\r\n\r\n<p><strong>&ndash; Xe &ocirc;-t&ocirc; kh&aacute;ch:</strong>&nbsp;C&aacute;c bn c&oacute; th &oacute;n xe M &igrave;nh-Th&aacute;i Nguy&ecirc;n ti bn xe&nbsp;M &igrave;nh, hoc bt k xe i Cao Bng, Bc Kn, L&agrave;o Cai, Y&ecirc;n B&aacute;i, Ph&uacute; Th&hellip;c&oacute; i qua bn xe Th&aacute;i Nguy&ecirc;n  i nh&eacute;. Khi l&ecirc;n xe bn nh bo ph xe cho xung  bn xe Th&aacute;i Nguy&ecirc;n nh&eacute;.</p>\r\n\r\n<p>Khi xung n bn xe, bn c&oacute; th thu&ecirc; xe &ocirc;m, taxi hoc i xe bus n H N&uacute;i Cc. a phn du kh&aacute;ch c&oacute;&nbsp;<strong>kinh nghim pht H N&uacute;i Cc t t&uacute;</strong>c bng xe kh&aacute;ch u chn xe bus l&agrave;m phng tin di chuyn t bn xe Th&aacute;i Nguy&ecirc;n l&ecirc;n H N&uacute;i Cc. Nu i bng xe bus th&igrave; bn ra cng bn r tr&aacute;i  bt bus H&agrave; Lan (03) hoc r tay phi, sang ng &oacute;n bus Mnh H&agrave; (02) n ng&atilde; ba H th&igrave; xung v&agrave; i bus o3 ti th&igrave; l&ecirc;n  i tip. Nh khi l&ecirc;n xe h&atilde;y bo l&aacute;i xe cho bn xung H N&uacute;i Cc l&agrave; c.</p>\r\n\r\n<p><strong>&ndash; Nu i bng xe m&aacute;y hoc &ocirc;-t&ocirc; t l&aacute;i:</strong>&nbsp;Bn i theo ng cao tc H&agrave; Ni-Th&aacute;i Nguy&ecirc;n c (qua s&acirc;n bay Ni B&agrave;i) l&ecirc;n TP.Th&aacute;i Nguy&ecirc;n. Sau &oacute; bn c&oacute; th i theo 1 trong 2 l tr&igrave;nh sau:</p>\r\n\r\n<ul>\r\n	<li>TP. Th&aacute;i Nguy&ecirc;n &ndash; B u &ndash; C&ugrave; V&acirc;n &ndash; H&agrave; Thng &ndash; i T &ndash; H N&uacute;i Cc: Nu i theo l tr&igrave;nh tr&igrave;nh n&agrave;y bn s i qua l&agrave;ng ngh b&aacute;nh chng B u ni ting Nht Th&aacute;i Nguy&ecirc;n. Bn c&oacute; th dng li  mua b&aacute;nh chng, b&aacute;nh m&igrave;, mng t&hellip;Tuy nhi&ecirc;n l tr&igrave;nh n&agrave;y ng kh&aacute; xu v&agrave; kh&oacute; i. Do ang c&oacute; d &aacute;n khai th&aacute;c m  &acirc;y.</li>\r\n	<li>TP.Th&aacute;i Nguy&ecirc;n &ndash; &aacute;n &ndash; T&acirc;n Cng &ndash; H N&uacute;i Cc: Nu i theo l tr&igrave;nh n&agrave;y bn s c&oacute; c hi ngm nh&igrave;n nhng i ch&egrave; T&acirc;n Cng bt ng&agrave;n, tri rng 2 b&ecirc;n ng i. Nu may mn i v&agrave;o &uacute;ng m&ugrave;a ch&egrave; th&igrave; bn s b nhng i ch&egrave; thoai thoi, xanh rn  &acirc;y h&uacute;t hn.</li>\r\n</ul>\r\n\r\n<p>&ndash; C&aacute;c bn t c&aacute;c S&agrave;i G&ograve;n hoc c&aacute;c tnh min Nam mun du lch H N&uacute;i Cc c&oacute; th ra bn xe Min &ocirc;ng v&agrave; &oacute;n xe S&agrave;i G&ograve;n &ndash; Th&aacute;i Nguy&ecirc;n ri i theo hng dn d&agrave;nh cho xe kh&aacute;ch nh tr&ecirc;n. C&ograve;n c&aacute;c bn  c&aacute;c tnh &ocirc;ng &ndash; T&acirc;y Bc th&igrave; c&oacute; th i theo ng QL.2.</p>\r\n\r\n<h3>Kinh nghim thu&ecirc; ph&ograve;ng kh&aacute;ch sn khi du lch H N&uacute;i Cc, Th&aacute;i Nguy&ecirc;n</h3>\r\n\r\n<p>Nu bn ch c&oacute; k hoch du lch H N&uacute;i Cc 1 ng&agrave;y th&igrave; kh&ocirc;ng cn phi quan t&acirc;m n vn  thu&ecirc; ph&ograve;ng kh&aacute;ch sn, nh&agrave; ngh  H N&uacute;i Cc. Nhng nu bn nh lu tr&uacute; ti &acirc;y t 2 ng&agrave;y tr l&ecirc;n, th&igrave; &nbsp;t&nbsp;<strong>kinh nghim du lch H N&uacute;i Cc t t&uacute;c n </strong>&nbsp;ca nhiu du kh&aacute;ch, ch&uacute;ng t&ocirc;i khuy&ecirc;n c&aacute;c bn n&ecirc;n t ph&ograve;ng kh&aacute;ch sn, nh&agrave; ngh trc khi i, nht l&agrave; m&ugrave;a cao im du lch (m&ugrave;a h&egrave;). Mc d&ugrave; s lng nh&agrave; ngh, kh&aacute;ch sn  &acirc;y rt nhiu nu bn t  khu vc TP, nhng bn vn c&oacute; nguy c ri v&agrave;o t&igrave;nh trng ch&aacute;y ph&ograve;ng nu kh&ocirc;ng book trc &oacute;. C&ograve;n bn mun t gn th&igrave; tham kho c&aacute;c nh&agrave; ngh nh&eacute;,</p>\r\n\r\n<p><strong>Mt s kh&aacute;ch sn, nh&agrave; ngh gi&aacute; r, cht lng v&agrave; tin nghi  H N&uacute;i Cc m&agrave; bn c&oacute; th la chn v&agrave; tham kho:</strong></p>\r\n\r\n<p><strong>Nh&agrave; ngh &ocirc;ng H</strong>, a ch: X&oacute;m Gc M&iacute;t, x&atilde; T&acirc;n Th&aacute;i, Huyn i T, Th&aacute;i Nguy&ecirc;n. T kh&aacute;ch sn n&agrave;y ti H N&uacute;i Cc ch 500m, rt gn v&agrave; thun tin cho bn, gi&aacute; ph&ograve;ng ngh t 200-300k 1 ph&ograve;ng, c&oacute; phc v n ung gi&aacute; hp l&yacute; cho kh&aacute;ch h&agrave;ng t la chn c&aacute;c m&oacute;n n, dch v tham quan h bng t&agrave;u trn g&oacute;i vi gi&aacute; hp l&yacute; nhn t tic t la tri thm quan c&aacute;c o ngo&agrave;i h, thm ch&iacute; c&ograve;n cung cp lu&ocirc;n dch v c&acirc;u c&aacute; th gi&atilde;n rt th&uacute; v. Bn c&oacute; th li&ecirc;n h ch nh&agrave; l&agrave; ch Hin theo st:&nbsp;<strong>0983825737/0912661685</strong>&nbsp;hoc a T&ugrave;ng&nbsp;<strong>0988395407</strong>&nbsp;rt th&acirc;n thin  t ph&ograve;ng, ch dn th&ecirc;m nh&eacute;.</p>\r\n', 0, 4, '2017-01-02 00:23:28', '2017-01-06 03:01:54'),
(100, 'Ms. Jayda Murphy', 'Non dolor et ex laborum omnis velit debitis enim. Distinctio corporis atque nam ut voluptatem.', '<h2>Ti bui gp g gia l&atilde;nh o TPHCM vi gii vn ngh s, B&iacute; th Th&agrave;nh y TPHCM inh La Thng n&oacute;i: &ldquo;Ch&uacute;ng ta kh&ocirc;ng s phi ch mt gi t&ecirc;n c&aacute;i xu, c&aacute;i &aacute;c, nhng ch&uacute;ng ta cn phi cnh gi&aacute;c vi nhng c&aacute;i nh&igrave;n thi&ecirc;n kin, lch chun, nhng &yacute; ngh u &aacute;m l&agrave;m ti&ecirc;u tan nhu kh&iacute; lao ng, chin u v&agrave; s&aacute;ng to vn rt cn c tip sc ca x&atilde; hi&rdquo;.<br />\r\n<a href="http://dantri.com.vn/xa-hoi/bi-thu-thang-co-rung-co-bien-tai-sao-van-ngheo-20161226072414076.htm"><strong>&nbsp;&gt;&gt;&nbsp;B&iacute; th Thng: &quot;C&oacute; rng c&oacute; bin, ti sao vn ngh&egrave;o?&quot;</strong></a><br />\r\n<a href="http://dantri.com.vn/xa-hoi/bi-thu-thang-nha-khoa-hoc-phai-manh-dan-de-xuat-cai-hay-cho-thanh-pho-20161220162127689.htm"><strong>&nbsp;&gt;&gt;&nbsp;B&iacute; th Thng: Nh&agrave; khoa hc phi mnh dn  xut c&aacute;i hay cho th&agrave;nh ph</strong></a></h2>\r\n\r\n<p>Chiu 5/1, B&iacute; th Th&agrave;nh y TPHCM inh La Thng &atilde; c&oacute; bui gp g vi 300 vn ngh s th&agrave;nh ph.</p>\r\n\r\n<p>Ti bui gp g, nh&agrave; bi&ecirc;n kch Dng Cm Th&uacute;y mong mun l&atilde;nh o TP cn c&oacute; cuc ph&aacute;t ng vit v nhng ng&agrave;y th&aacute;ng anh h&ugrave;ng n&agrave;y ca c d&acirc;n tc v&agrave; TP v&agrave;o nm 2018  k nim 50 nm &ldquo;Mu Th&acirc;n 1968&rdquo;, nhm gi&aacute;o dc cho gii tr bit tr&acirc;n trng cuc sng h&ocirc;m nay.</p>\r\n\r\n<p><img alt="\r\nLnh o TPHCM tr chuyn cng vn ngh s thnh ph\r\n"src="https://dantricdn.com/thumb_w/640/2017/lanhdaothanhphogapvannghesi-1483662197436.jpg" /></p>\r\n\r\n<p>L&atilde;nh o TPHCM tr&ograve; chuyn c&ugrave;ng vn ngh s th&agrave;nh ph</p>\r\n\r\n<p>Ha s Trang Phng - nguy&ecirc;n Ph&oacute; ban Tuy&ecirc;n gi&aacute;o Th&agrave;nh y x&uacute;c ng k li nhng th&aacute;ng ng&agrave;y h&agrave;o h&ugrave;ng ca qu&acirc;n v&agrave; d&acirc;n ta v cuc chin Mu Th&acirc;n 1968: &ldquo;Khi cuc chin din ra &aacute;c lit nht, nhiu ng ch&iacute;, anh em hy sinh. T&ocirc;i v&agrave; ng i kh&ocirc;ng c&oacute; thi gian  ch&ocirc;n ct lit s n&ecirc;n phi a anh em v&agrave;o nhng ng&ocirc;i nh&agrave; ang ch&aacute;y do bom n, c&ograve;n ngi b thng, gp nh&agrave; n&agrave;o th&igrave; g&otilde; ca nh nh&acirc;n d&acirc;n cu mang, che ch cho anh em b thng m&agrave; kh&ocirc;ng bit &oacute; l&agrave; ch hay ta&rdquo;.</p>\r\n\r\n<p>Ha s Trang Phng k trong mt ln chin u ti khu vc C Chi, &ocirc;ng v&agrave; ng i ngh qu&acirc;n M &atilde; r&uacute;t ht n&ecirc;n tin v&agrave;o khu d&acirc;n c. Bt ng mt ph n chy ra t mt ng&ocirc;i nh&agrave; ri k&ecirc;u ln &ldquo;c&oacute; ch trong nh&agrave;&hellip; c&oacute; ch trong nh&agrave;&rdquo;. Ngay lp tc, ch i&ecirc;n cung x s&uacute;ng bn cht ch. Ch &atilde; hy sinh  b i c tho&aacute;t him.</p>\r\n\r\n<p>Ti bui gp g, rt nhiu vn ngh s &atilde; k v nhng c&acirc;u chuyn x&uacute;c ng v&agrave; tri &acirc;n nh&acirc;n d&acirc;n &atilde; gi&uacute;p , che ch v&agrave; thm ch&iacute; hy sinh t&iacute;nh mng  bo v cho b i. C&aacute;c vn ngh s &oacute;ng g&oacute;p &yacute; kin, hin k cho TP nhiu gii ph&aacute;p nhm gi&aacute;o dc, nh hng cho gii tr hiu bit nhiu hn v lch s ca d&acirc;n tc, ca th&agrave;nh ph anh h&ugrave;ng, tri &acirc;n nhng ngi c&oacute; c&ocirc;ng.</p>\r\n\r\n<p>C&aacute;c ngh s cng mong mun c quan chc nng phi gi&aacute;m s&aacute;t cht ch hn na nhng chng tr&igrave;nh bt cp, thiu nh hng, thiu t&iacute;nh thm m, kh&ocirc;ng c&oacute; t&iacute;nh gi&aacute;o dc ang n r tr&ecirc;n c&aacute;c k&ecirc;nh truyn h&igrave;nh, k&ecirc;nh gii tr&iacute;. Nhng ngi l&agrave;m vn h&oacute;a, ngh thut cng trn tr v n&acirc;ng cao cht lng vn hc, ngh thut ca th&agrave;nh ph&hellip;</p>\r\n\r\n<p><img alt="\r\nB th Thnh y TPHCM inh La Thng by t s vui mng khi gp g nhng thn tng t hi cn cp sch ti trng\r\n" src="https://dantricdn.com/thumb_w/640/2017/bithuthanggapvannghesi-1483662197433.jpg" /></p>\r\n\r\n<p>B&iacute; th Th&agrave;nh y TPHCM inh La Thng b&agrave;y t s vui mng khi gp g nhng &quot;thn tng&quot; t hi c&ograve;n cp s&aacute;ch ti trng</p>\r\n\r\n<p>Nh&agrave; gi&aacute;o u t&uacute; Nguyn Ngc K&yacute; cho bit, trong thi gian qua &ocirc;ng &atilde; s&aacute;ng t&aacute;c c 79 tp th vn v vn hc thiu nhi  gi&aacute;o dc th h tr v t&igrave;nh y&ecirc;u qu&ecirc; hng, t nc. Bn th&acirc;n &ocirc;ng tuy thy hc tr&ograve; vn am m&ecirc; v vn hc, ngh thut nhng c&ocirc;ng t&aacute;c truyn b&aacute; nhng t&aacute;c phm n&agrave;y ti hc sinh ca th&agrave;nh ph c&ograve;n nhiu hn ch.</p>\r\n\r\n<p>Ph&aacute;t biu ti bui gp g, B&iacute; th Th&agrave;nh y inh La Thng gi li tri &acirc;n n c&aacute;c vn ngh s th&agrave;nh ph &atilde; em n nim cm hng sng, cm hng s&aacute;ng to m&atilde;nh lit v&agrave; tr&aacute;ch nhim chung c&ugrave;ng nhau vun p, kin to cuc sng tt p hn.</p>\r\n\r\n<p>B&iacute; th Thng cho bit &ocirc;ng rt n tng v&agrave; m&atilde;n nguyn v&igrave; c gp nhiu &ldquo;thn tng&rdquo; ca m&igrave;nh t hi c&ograve;n cp s&aacute;ch ti trng. &Ocirc;ng cho bit tng b b &aacute;nh &ograve;n v&igrave; l&agrave;m r&aacute;ch tm ch&acirc;n dung ngh s tr&ecirc;n tng.</p>\r\n\r\n<p><img alt="\r\nB th inh La Thng gp g v k li cu chuyn b b nh n v x tm chn dung din vin Tr Giang treo trn tng\r\n" src="https://dantricdn.com/thumb_w/640/2017/bithuthanggapgovannghesi-1483662197429.jpg" /></p>\r\n\r\n<p>B&iacute; th inh La Thng gp g v&agrave; k li c&acirc;u chuyn b b &aacute;nh &ograve;n v&igrave; x&eacute; tm ch&acirc;n dung din vi&ecirc;n Tr&agrave; Giang treo tr&ecirc;n tng</p>\r\n\r\n<p>&ldquo;Hi b&eacute; t&ocirc;i b n &ograve;n do b t&ocirc;i c&oacute; tm h&igrave;nh ch&acirc;n dung ch Tr&agrave; Giang (din vi&ecirc;n Tr&agrave; Giang) treo tr&ecirc;n tng, t&ocirc;i l&agrave;m r&aacute;ch v&agrave; b b t&ocirc;i &aacute;nh. Ng&agrave;y nh t&ocirc;i kh&ocirc;ng hiu sao b &aacute;nh m&igrave;nh, ln l&ecirc;n t&ocirc;i hiu t&ocirc;i b &aacute;nh v&igrave; ch y l&agrave; thn tng kh&ocirc;ng ch ca ri&ecirc;ng b t&ocirc;i m&agrave; c&ograve;n ca tt c mi ngi&rdquo;, B&iacute; th Thng k li.</p>\r\n\r\n<p>B&iacute; th Thng cng khng nh, tt c c&aacute;c kin ngh, g&oacute;p &yacute; ca c&aacute;c vn ngh s s c l&atilde;nh o TP b&agrave;n bc vi Li&ecirc;n hip c&aacute;c hi Vn hc ngh thut TP a ra nhng k hoch c th nht, k c vic truy phong - n n &aacute;p ngha ti c&aacute;c vn ngh s &atilde; hy sinh v&igrave; t quc.</p>\r\n\r\n<p>&Ocirc;ng cng cho rng c&aacute;c ngh s ch&iacute;nh l&agrave; nhng ngi l&iacute;nh ti&ecirc;n phong trong c&ocirc;ng cuc x&acirc;y dng v&agrave; i mi ca t nc v&agrave; TP. Vn ngh s s l&agrave; nhng ngi u ti&ecirc;n nh&igrave;n thy, nghe thy, t&igrave;m ra nhng n&eacute;t p i sng trong nhng d&aacute;ng v kh&aacute;c nhau, t &oacute; biu dng, khng nh mnh m nhng mt t&iacute;ch cc; ng thi ch ra ni n np ca nhng th ti&ecirc;u cc, vch trn nhng g&oacute;c ti tm l&agrave;m hoen  t&acirc;m hn con ngi.</p>\r\n\r\n<p>&ldquo;Ch&uacute;ng ta kh&ocirc;ng s phi ch mt gi t&ecirc;n c&aacute;i xu, c&aacute;i &aacute;c. Nhng ch&uacute;ng ta cn phi cnh gi&aacute;c vi nhng c&aacute;i nh&igrave;n thi&ecirc;n kin, lch chun, nhng &yacute; ngh u &aacute;m l&agrave;m ti&ecirc;u tan nhu kh&iacute; lao ng, chin u v&agrave; s&aacute;ng to vn rt cn c tip sc ca x&atilde; hi&rdquo;, B&iacute; th Thng nhn mnh.</p>\r\n', 1, 2, '2017-01-02 00:23:28', '2017-01-06 03:01:02');

-- --------------------------------------------------------

--
-- Table structure for table `tickets`
--

CREATE TABLE `tickets` (
  `id` int(10) UNSIGNED NOT NULL,
  `classify` varchar(255) COLLATE utf8_unicode_ci NOT NULL,
  `price` int(11) NOT NULL,
  `created_at` timestamp NULL DEFAULT NULL,
  `updated_at` timestamp NULL DEFAULT NULL
) ENGINE=InnoDB DEFAULT CHARSET=utf8 COLLATE=utf8_unicode_ci;

--
-- Dumping data for table `tickets`
--

INSERT INTO `tickets` (`id`, `classify`, `price`, `created_at`, `updated_at`) VALUES
(1, 'V Ngi Tr Em', 0, '2017-01-02 00:23:28', '2017-01-02 01:22:10'),
(2, 'V Ngi Cao Tui', 80000, '2017-01-02 00:23:28', '2017-01-02 01:21:24'),
(4, 'V Ngi ln', 120000, '2017-01-02 00:23:28', '2017-01-02 01:22:24');

-- --------------------------------------------------------

--
-- Table structure for table `users`
--

CREATE TABLE `users` (
  `id` int(10) UNSIGNED NOT NULL,
  `name` varchar(255) COLLATE utf8_unicode_ci NOT NULL,
  `email` varchar(255) COLLATE utf8_unicode_ci NOT NULL,
  `password` varchar(255) COLLATE utf8_unicode_ci NOT NULL,
  `remember_token` varchar(100) COLLATE utf8_unicode_ci DEFAULT NULL,
  `created_at` timestamp NULL DEFAULT NULL,
  `updated_at` timestamp NULL DEFAULT NULL
) ENGINE=InnoDB DEFAULT CHARSET=utf8 COLLATE=utf8_unicode_ci;

--
-- Dumping data for table `users`
--

INSERT INTO `users` (`id`, `name`, `email`, `password`, `remember_token`, `created_at`, `updated_at`) VALUES
(1, 'Admin', 'admin@admin.com', '$2y$10$3nSTWRou73VbGIaq.u/YN.vnUwP4NyeyZBAgLJQ5n8Dok4EqQcmG6', NULL, '2017-01-02 00:23:28', '2017-01-02 00:23:28'),
(2, 'Cleveland Smitham MD', 'zion.bauch@example.com', '$2y$10$E1A4PE/KDOTTIvMxfJ0YYO7ZuFIcZmAX0AAY4uC2G0gnuqwynQwqW', 'eOy6eOKD4Y', '2017-01-02 00:23:28', '2017-01-02 00:23:28'),
(3, 'Audrey Sauer', 'lafayette61@example.org', '$2y$10$E1A4PE/KDOTTIvMxfJ0YYO7ZuFIcZmAX0AAY4uC2G0gnuqwynQwqW', 'cjaaIHLhgb', '2017-01-02 00:23:28', '2017-01-02 00:23:28'),
(4, 'Ruthie Cruickshank', 'rosa.corkery@example.net', '$2y$10$E1A4PE/KDOTTIvMxfJ0YYO7ZuFIcZmAX0AAY4uC2G0gnuqwynQwqW', 'BjFLNoJRDM', '2017-01-02 00:23:28', '2017-01-02 00:23:28'),
(5, 'Hadley Purdy V', 'katelynn.koelpin@example.org', '$2y$10$E1A4PE/KDOTTIvMxfJ0YYO7ZuFIcZmAX0AAY4uC2G0gnuqwynQwqW', 'dLxnXLXyJC', '2017-01-02 00:23:28', '2017-01-02 00:23:28'),
(6, 'Mrs. Gregoria Brown', 'sawayn.chelsea@example.com', '$2y$10$E1A4PE/KDOTTIvMxfJ0YYO7ZuFIcZmAX0AAY4uC2G0gnuqwynQwqW', 'b7siH0NnLA', '2017-01-02 00:23:28', '2017-01-02 00:23:28');

--
-- Indexes for dumped tables
--

--
-- Indexes for table `categories`
--
ALTER TABLE `categories`
  ADD PRIMARY KEY (`id`);

--
-- Indexes for table `media`
--
ALTER TABLE `media`
  ADD PRIMARY KEY (`id`),
  ADD KEY `media_model_id_model_type_index` (`model_id`,`model_type`);

--
-- Indexes for table `migrations`
--
ALTER TABLE `migrations`
  ADD PRIMARY KEY (`id`);

--
-- Indexes for table `password_resets`
--
ALTER TABLE `password_resets`
  ADD KEY `password_resets_email_index` (`email`),
  ADD KEY `password_resets_token_index` (`token`);

--
-- Indexes for table `posts`
--
ALTER TABLE `posts`
  ADD PRIMARY KEY (`id`),
  ADD KEY `posts_category_id_foreign` (`category_id`);

--
-- Indexes for table `tickets`
--
ALTER TABLE `tickets`
  ADD PRIMARY KEY (`id`);

--
-- Indexes for table `users`
--
ALTER TABLE `users`
  ADD PRIMARY KEY (`id`),
  ADD UNIQUE KEY `users_email_unique` (`email`);

--
-- AUTO_INCREMENT for dumped tables
--

--
-- AUTO_INCREMENT for table `categories`
--
ALTER TABLE `categories`
  MODIFY `id` int(10) UNSIGNED NOT NULL AUTO_INCREMENT, AUTO_INCREMENT=6;
--
-- AUTO_INCREMENT for table `media`
--
ALTER TABLE `media`
  MODIFY `id` int(10) UNSIGNED NOT NULL AUTO_INCREMENT, AUTO_INCREMENT=6;
--
-- AUTO_INCREMENT for table `migrations`
--
ALTER TABLE `migrations`
  MODIFY `id` int(10) UNSIGNED NOT NULL AUTO_INCREMENT, AUTO_INCREMENT=30;
--
-- AUTO_INCREMENT for table `posts`
--
ALTER TABLE `posts`
  MODIFY `id` int(10) UNSIGNED NOT NULL AUTO_INCREMENT, AUTO_INCREMENT=101;
--
-- AUTO_INCREMENT for table `tickets`
--
ALTER TABLE `tickets`
  MODIFY `id` int(10) UNSIGNED NOT NULL AUTO_INCREMENT, AUTO_INCREMENT=5;
--
-- AUTO_INCREMENT for table `users`
--
ALTER TABLE `users`
  MODIFY `id` int(10) UNSIGNED NOT NULL AUTO_INCREMENT, AUTO_INCREMENT=7;
--
-- Constraints for dumped tables
--

--
-- Constraints for table `posts`
--
ALTER TABLE `posts`
  ADD CONSTRAINT `posts_category_id_foreign` FOREIGN KEY (`category_id`) REFERENCES `categories` (`id`) ON DELETE CASCADE;

/*!40101 SET CHARACTER_SET_CLIENT=@OLD_CHARACTER_SET_CLIENT */;
/*!40101 SET CHARACTER_SET_RESULTS=@OLD_CHARACTER_SET_RESULTS */;
/*!40101 SET COLLATION_CONNECTION=@OLD_COLLATION_CONNECTION */;
